feed_id,ntd_id,notes
Alabama__Birmingham_Jefferson_County_Transit_Authority_(MAX)__mdb_mdb-3434,40042,Automated high-confidence match
Alabama__City_of_Gadsen__mdb_mdb-2419,44919,Confirmed manual review
Alabama__Huntsville_Shuttle__mdb_mdb-2081,40071,Confirmed manual review
Alabama__Montgomery_Transit__mdb_mdb-338,40044,Automated high-confidence match
Alabama__Tuscaloosa_Transit_Authority__mdb_tld-7046,40045,Automated high-confidence match
Alaska__Anchorage_People_Mover__mdb_mdb-225,00012,Automated high-confidence match
Alaska__Capital_Transit__mdb_mdb-294,00391,Automated high-confidence match
Alaska__Inter-Island_Ferry__mdb_mdb-243,00382,Automated high-confidence match
Alaska__Ketchikan_Gateway_Borough__mdb_mdb-244,00358,Automated high-confidence match
Arizona__Bisbee_Bus__mdb_mdb-2857,91121,Automated high-confidence match
Arizona__Bullhead_Area_Transit_System__mdb_mdb-109,91037,Automated high-confidence match
Arizona__City_of_Sierra_Vista__mdb_tld-679,90239,Automated high-confidence match
Arizona__Cottonwood_Area_Transit_(CAT)__mdb_mdb-158,91010,Automated high-confidence match
Arizona__Grand_Canyon_National_Park__mdb_mdb-1905,99468,Confirmed manual review
Arizona__Maricopa_Express_Transit__mdb_tld-6743,91106,Automated high-confidence match
Arizona__Mountain_Line_Transit__mdb_mdb-1979,90219,Automated high-confidence match
Arizona__Regional_Transportation_Authority_of_Pima_County__mdb_ntd-91122,91122,Automated high-confidence match
Arizona__Valley_Metro_(VM)__mdb_mdb-147,90209,Confirmed manual review
Arizona__Yuma_County_Intergovernmental_Public_Transportation_Authority_(YCIPTA)__mdb_mdb-17,90233,Automated high-confidence match
Arkansas__City_of_Fort_Smith__mdb_ntd-60086,60086,Automated high-confidence match
Arkansas__Eureka_Springs_Transit__mdb_ntd-60161,60257,Confirmed manual review
Arkansas__Ozark_Regional_Transit__mdb_tld-4470,60072,Automated high-confidence match
California__Alameda-Contra_Costa_Transit_District_(AC_Transit)__mdb_mdb-2455,90014,Automated high-confidence match
California__Altamont_Corridor_Express__mdb_mdb-2684,90182,Automated high-confidence match
California__Amador_Transit__mdb_mdb-92,91000,Confirmed manual review
California__Amtrak_San_Joaquins__mdb_mdb-2295,99470,Confirmed manual review
California__Amtrak__mdb_mdb-11,99469,Confirmed manual review
California__Anaheim_Resort_Transportation_(ART)__mdb_mdb-100,90300,Confirmed manual review
California__Arcadia_Transit__mdb_mdb-2243,90044,Automated high-confidence match
California__Auburn_Transit__mdb_mdb-2275,91032,Automated high-confidence match
California__Baldwin_Park_Transit__mdb_mdb-2247,90251,Automated high-confidence match
California__Bay_Area_Rapid_Transit_(BART)__mdb_mdb-53,90003,Confirmed manual review
California__Beach_Cities_Transit__mdb_mdb-1999,90214,Automated high-confidence match
California__Beaumont_Transit__mdb_mdb-106,99478,Confirmed manual review
California__Big_Blue_Bus__mdb_mdb-37,90008,Automated high-confidence match
California__Blossom_Express__mdb_mdb-236,91089,Confirmed manual review
California__BurbankBus__mdb_mdb-2149,99444,Confirmed manual review
California__Butte_Regional_Transit_(B-Line)__mdb_ntd-90208,90208,Automated high-confidence match
California__Calaveras_Transit__mdb_mdb-93,99442,Automated high-confidence match
California__Caltrain__mdb_mdb-54,90134,Automated high-confidence match
California__Camarillo_Area_Transit__mdb_mdb-2234,90163,Automated high-confidence match
California__Capitol_Corridor_Joint_Powers_Authority_(Capitol_Corridor)__mdb_mdb-74,90304,Confirmed manual review
California__Carson_Transportation_Services__mdb_ntd-90258,91038,Confirmed manual review
California__Catalina_Express__mdb_mdb-299,91089,Confirmed manual review
California__Cerritos_On_Wheels__mdb_tld-4667,90259,Automated high-confidence match
California__Chapman_University__mdb_tld-4454,90142,Confirmed manual review
California__City_of_Banning_Transit__mdb_mdb-220,91027,Confirmed manual review
California__City_of_Camarillo__mdb_ntd-90163,90163,Automated high-confidence match
California__City_of_Irvine__mdb_tld-6724,99470,Confirmed manual review
California__City_of_Manteca__mdb_ntd-90217,90217,Automated high-confidence match
California__City_of_San_Luis_Obispo_Transit__mdb_mdb-44,90156,Automated high-confidence match
California__City_of_Santa_Clarita_Transit__mdb_tld-1256,90171,Automated high-confidence match
California__City_of_Tracy_(TRACER)__mdb_mdb-3099,90197,Automated high-confidence match
California__City_of_Tracy__mdb_mdb-2187,90197,Automated high-confidence match
California__Clovis_Transit__mdb_mdb-2894,90313,Automated high-confidence match
California__Commerce_Municipal_Bus_Lines__mdb_mdb-994,90043,Automated high-confidence match
California__Commute,90009,Automated high-confidence match
California__Commute.org_San_Mateo_County_Shuttles__mdb_mdb-61,99451,Confirmed manual review
California__County_Connection_(CCCTA)__mdb_mdb-2421,91005,Confirmed manual review
California__Dana_Point_Trolley__mdb_mdb-2361,90131,Confirmed manual review
California__Delano_Area_Rapid_Transit__mdb_mdb-320,90238,Automated high-confidence match
California__Devils_Postpile_National_Monument__mdb_mdb-3206,91062,Automated high-confidence match
California__Eastern_Sierra_Transit__mdb_mdb-25,91062,Automated high-confidence match
California__El_Dorado_Transit__mdb_mdb-75,90229,Automated high-confidence match
California__Emery_Go-Round__mdb_mdb-2224,88224,Confirmed manual review
"California__Eureka_Transit_Service,_Blue_Lake_Rancheria_Transit_System,_Samoa_Transit_System,_Redwood_Transit_System,_Arcata_&_Mad_R__mdb_tld-4798",99292,Confirmed manual review
California__Foothill_Transit__mdb_mdb-101,90146,Automated high-confidence match
California__Fresno_Area_Express_(FAX)__mdb_mdb-90,90027,Automated high-confidence match
California__Fresno_County_Rural_Transit_Agency_(FCRTA)__mdb_mdb-85,91007,Automated high-confidence match
California__Fresno_State_University__mdb_tld-4461,90142,Confirmed manual review
California__GTrans__mdb_mdb-2270,90042,Automated high-confidence match
California__Glenn_Transit_Service__mdb_mdb-3094,91088,Confirmed manual review
California__Golden_Empire_Transit_District_(GET)__mdb_mdb-46,90004,Automated high-confidence match
California__Golden_Gate_National_Recreation_Area_(Alcatraz_Island)__mdb_mdb-3208,99468,Confirmed manual review
California__Golden_Gate_Transit__mdb_mdb-67,90016,Automated high-confidence match
California__GrapeLine__mdb_mdb-83,90175,Automated high-confidence match
California__Guadalupe_Flyer__mdb_mdb-617,91043,Confirmed manual review
California__Humboldt_Transit_Authority__mdb_mdb-3032,99476,Confirmed manual review
California__Kern_Transit__mdb_mdb-47,91059,Automated high-confidence match
California__Kings_Area_Rural_Transit__mdb_mdb-2204,90200,Confirmed manual review
California__Laguna_Beach_Transit_(LBT)__mdb_mdb-16,90119,Automated high-confidence match
California__Lake_Transit_Authority_(LTA)__mdb_mdb-68,99292,Confirmed manual review
California__Lassen_Rural_Bus_(LRB)__mdb_mdb-118,99423,Confirmed manual review
California__Long_Beach_Transit_(LBT)__mdb_mdb-1198,90023,Automated high-confidence match
California__Los_Angeles_County_Department_of_Public_Works_(the_LINK_and_shuttles)__mdb_mdb-28,90279,Confirmed manual review
California__Los_Angeles_County_Metropolitan_Transportation_Authority_(LA_Metro)__mdb_mdb-29,90279,Confirmed manual review
California__Los_Angeles_County_Metropolitan_Transportation_Authority_(LA_Metro)__mdb_mdb-30,90279,Confirmed manual review
California__Los_Angeles_County_Shuttles__mdb_tld-1253,90279,Confirmed manual review
"California__Los_Angeles_Department_of_Transportation_(LADOT,_DASH,_Commuter_Express)__mdb_mdb-1210",99470,Confirmed manual review
California__MOVE_Stanislaus__mdb_mdb-2174,90311,Confirmed manual review
California__Madera_County_Transit__mdb_mdb-572,91005,Automated high-confidence match
California__Manteca_Transit__mdb_mdb-2172,90217,Automated high-confidence match
California__Marin_Transit__mdb_mdb-2937,90299,Confirmed manual review
California__Mendocino_Transit_Authority__mdb_mdb-69,99477,Confirmed manual review
California__Merced_County_Transit_(The_Bus)__mdb_mdb-3117,90173,Automated high-confidence match
California__Metrolink__mdb_mdb-96,90151,Automated high-confidence match
California__Mission_Bay_Transportation_Management_Association_(TMA)__mdb_mdb-51,99358,Confirmed manual review
California__Mission_Viejo__mdb_tld-7930,99358,Confirmed manual review
California__Montebello_Bus_Lines__mdb_mdb-2201,90041,Automated high-confidence match
California__Monterey-Salinas_Transit_(MST)__mdb_mdb-56,90062,Automated high-confidence match
California__Moorpark_City_Transit__mdb_mdb-578,90227,Automated high-confidence match
California__Morongo_Basin_Transit_Authority__mdb_mdb-579,91090,Automated high-confidence match
California__Mountain_Transit__mdb_mdb-107,91012,Automated high-confidence match
California__Mountain_View_Community_Shuttle__mdb_mdb-2883,99462,Confirmed manual review
California__Mountain_View_Transportation_Management_Association_(MVgo)__mdb_mdb-2880,90314,Confirmed manual review
California__Needles_Area_Transit__mdb_mdb-583,91020,Automated high-confidence match
California__North_Lake_Tahoe_Express__mdb_mdb-2328,99364,Confirmed manual review
California__Norwalk_Transit_System__mdb_tld-881,90022,Automated high-confidence match
California__OmniTrans__mdb_mdb-97,90029,Automated high-confidence match
California__Orange_County_Transportation_Authority_(OCTA)__mdb_mdb-15,90036,Automated high-confidence match
California__Palo_Verde_Valley_Transit_Agency__mdb_mdb-2190,99454,Automated high-confidence match
California__Palos_Verdes_Peninsula_Transit_Authority_(PVPTA)__mdb_mdb-35,90287,Automated high-confidence match
California__Pasadena_Transit__mdb_mdb-41,99424,Automated high-confidence match
California__Petaluma_Transit__mdb_mdb-2947,90213,Automated high-confidence match
California__Placer_County_Transit__mdb_mdb-77,90196,Automated high-confidence match
California__Plumas_Transit__mdb_mdb-119,99478,Confirmed manual review
California__Redding_Area_Bus_Authority__mdb_mdb-3031,90093,Automated high-confidence match
California__Riverside_Transit_Agency__mdb_mdb-98,90031,Automated high-confidence match
California__Rosemead_Explorer__mdb_mdb-3098,90289,Automated high-confidence match
California__Roseville_Transit__mdb_mdb-1067,99478,Confirmed manual review
California__SamTrans__mdb_mdb-2708,90009,Automated high-confidence match
California__San_Benito_County_Express_(SBCE)__mdb_mdb-58,91009,Automated high-confidence match
California__San_Clemente_Trolley__mdb_mdb-2362,99470,Confirmed manual review
"California__San_Diego_International_Airport,_Metropolitan_Transit_System_(MTS)__mdb_mdb-13",90026,Automated high-confidence match
California__San_Francisco_Bay_Area_Water_Emergency_Transportation_Authority_(WETA)__mdb_mdb-3143,90225,Automated high-confidence match
California__San_Joaquin_Regional_Transit_District_(RTD)__mdb_mdb-886,90012,Automated high-confidence match
California__San_Joaquin_Regional_Transit_District__mdb_mdb-2180,90012,Automated high-confidence match
California__San_Juan_Capistrano_Free_Weekend_Trolley__mdb_mdb-2235,99470,Confirmed manual review
California__San_Luis_Obispo_Regional_Transit_Authority_(SLORTA)__mdb_mdb-43,90206,Automated high-confidence match
California__Santa_Barbara_Metropolitan_Transit_District_(MTD)__mdb_mdb-1246,90020,Confirmed manual review
California__Santa_Clara_Valley_Transportation_Authority_(VTA)__mdb_mdb-57,90013,Automated high-confidence match
California__Santa_Clarita_Transit__mdb_mdb-812,90171,Automated high-confidence match
California__Santa_Cruz_Metro_(SCMTD)__mdb_mdb-2425,90006,Automated high-confidence match
California__Santa_Maria_Area_Transit__mdb_mdb-2272,90087,Confirmed manual review
California__Santa_Rosa_CityBus__mdb_mdb-2948,90017,Automated high-confidence match
California__Santa_Ynez_Valley_Transit__mdb_mdb-813,91028,Confirmed manual review
California__Santa_Ynez_Valley_Transit__mdb_tld-1301,91028,Confirmed manual review
California__Simi_Valley_Transit__mdb_mdb-40,90050,Automated high-confidence match
California__Siskiyou_County__mdb_mdb-117,91048,Automated high-confidence match
California__SolTrans__mdb_mdb-80,90232,Automated high-confidence match
California__Sonoma_County_Transit_(SCT)__mdb_mdb-70,90089,Automated high-confidence match
California__Sonoma_Marin_Area_Rail_Transit_(SMART)__mdb_mdb-3222,90299,Automated high-confidence match
California__Spirit_Bus__mdb_mdb-2202,90286,Automated high-confidence match
California__Stanford_Marguerite_Shuttle_(SMS)__mdb_mdb-59,90191,Confirmed manual review
California__Stanislaus_Regional_Transit_(StaRT)__mdb_mdb-2273,90306,Automated high-confidence match
California__SunLine_Transit_Agency__mdb_tld-461,90079,Automated high-confidence match
California__Taft_Area_Transit__mdb_mdb-2236,91066,Automated high-confidence match
"California__Tahoe_Area_Regional_Transit_(TART),_North_Lake_Tahoe_Express__mdb_mdb-94",91101,Confirmed manual review
California__Tahoe_Transportation_District__mdb_mdb-897,99478,Confirmed manual review
California__Thousand_Oaks_Transit__mdb_mdb-3100,90165,Automated high-confidence match
California__Tri_Delta_Transit__mdb_mdb-1974,90162,Automated high-confidence match
California__Tri_Delta_Transit__mdb_ntd-90162,90162,Automated high-confidence match
California__Trinity_Transit__mdb_mdb-2709,91035,Automated high-confidence match
California__Tulare_County_Area_Transit_(TCAT)__mdb_mdb-646,91055,Confirmed manual review
California__Turlock_Transit__mdb_mdb-619,90201,Automated high-confidence match
California__Unitrans__mdb_mdb-82,90142,Automated high-confidence match
California__VINE_Transit__mdb_mdb-1288,91027,Confirmed manual review
California__Ventura_County_Transportation_Commission__mdb_mdb-3096,90164,Confirmed manual review
California__Visalia_Transit__mdb_ntd-90091,90091,Automated high-confidence match
California__WestCAT__mdb_mdb-78,90159,Automated high-confidence match
California__West_Berkeley_Shuttle__mdb_mdb-2238,90191,Confirmed manual review
California__Yosemite_Area_Regional_Transportation_System_(YARTS)__mdb_mdb-2394,91070,Automated high-confidence match
California__Yosemite_National_Park__mdb_tld-6679,99468,Confirmed manual review
California__Yosemite_National_Park__mdb_tld-6681,99468,Confirmed manual review
California__Yuba-Sutter_Transit__mdb_mdb-79,90061,Automated high-confidence match
California__eTrans__mdb_mdb-65,91078,Automated high-confidence match
Colorado__Adams_County__mdb_mdb-2156,88299,Confirmed manual review
Colorado__All_Points_Transit__mdb_mdb-2039,88215,Automated high-confidence match
Colorado__All_Points_Transit__mdb_mdb-212,88215,Automated high-confidence match
Colorado__Avon_Transit__mdb_mdb-2433,88228,Automated high-confidence match
Colorado__Baca_Area_Transportation__mdb_mdb-1087,80202,Confirmed manual review
Colorado__Bent_County_Transportation__mdb_mdb-2157,88215,Confirmed manual review
Colorado__Blackhawk_and_Central_City_Tramway__mdb_mdb-2041,80119,Confirmed manual review
Colorado__Blackhawk_and_Central_City_Tramway__mdb_mdb-234,80119,Confirmed manual review
Colorado__Bustang_Outrider__mdb_mdb-2330,88300,Confirmed manual review
Colorado__City_of_Fountain_Transit__mdb_mdb-309,88287,Confirmed manual review
Colorado__City_of_Loveland__mdb_mdb-2161,80025,Automated high-confidence match
Colorado__Clear_Creek_County_Transit__mdb_mdb-313,88290,Confirmed manual review
Colorado__Colorado_Mountain_Express__mdb_mdb-172,80159,Automated high-confidence match
Colorado__Colorado_School_Of_Mines__mdb_mdb-2413,80274,Confirmed manual review
Colorado__Cripple_Creek_Transportation__mdb_mdb-2042,88294,Confirmed manual review
Colorado__Cripple_Creek_Transportation__mdb_mdb-317,88294,Confirmed manual review
Colorado__Discover_Goodwill__mdb_mdb-2043,55447,Confirmed manual review
Colorado__Dolores_County__mdb_mdb-1141,80168,Automated high-confidence match
Colorado__Durango_Transit__mdb_mdb-2290,80206,Automated high-confidence match
Colorado__Durango_Transit__mdb_mdb-456,80206,Automated high-confidence match
Colorado__ECO_Transit__mdb_mdb-2045,80155,Automated high-confidence match
Colorado__Easy_Ride_Transportation__mdb_mdb-1195,88294,Confirmed manual review
Colorado__Envida__mdb_mdb-2044,88288,Automated high-confidence match
Colorado__Envida__mdb_mdb-455,88288,Automated high-confidence match
Colorado__Estes_Transit__mdb_mdb-2047,88305,Confirmed manual review
Colorado__Estes_Transit__mdb_mdb-459,88305,Confirmed manual review
Colorado__Grand_Valley_Transit__mdb_mdb-2288,80016,Automated high-confidence match
Colorado__Greeley-Evans_Transit_(GET)__mdb_mdb-2076,80010,Confirmed manual review
Colorado__Gunnison_Valley_RTA__mdb_mdb-2048,80150,Automated high-confidence match
Colorado__Gunnison_Valley_Transportation_Authority_(RTA)__mdb_mdb-163,80150,Automated high-confidence match
Colorado__Home_James__mdb_mdb-607,80124,Confirmed manual review
Colorado__Kiowa_County_Transit__mdb_mdb-2169,88305,Confirmed manual review
Colorado__La_Junta_Transit__mdb_mdb-2170,80225,Automated high-confidence match
Colorado__Lake_County_Senior_Center_Transportation_Program__mdb_mdb-2291,88213,Automated high-confidence match
Colorado__Lakewood_Rides__mdb_mdb-2171,88280,Automated high-confidence match
Colorado__Mountain_Express__mdb_mdb-2294,80280,Confirmed manual review
Colorado__Mountain_Family_Center__mdb_mdb-2173,88286,Automated high-confidence match
Colorado__Mountain_Metro_Transit__mdb_mdb-2292,80005,Automated high-confidence match
Colorado__Omnibus__mdb_mdb-2175,88282,Automated high-confidence match
Colorado__Outback_Express__mdb_mdb-2306,80179,Confirmed manual review
Colorado__Parachute_Area_Transit_System__mdb_tld-5746,88215,Confirmed manual review
Colorado__Prairie_Express_Transit__mdb_mdb-801,88230,Confirmed manual review
Colorado__Prowers_Area_Transit__mdb_mdb-2049,80115,Automated high-confidence match
Colorado__Pueblo_Transit__mdb_mdb-1232,80007,Automated high-confidence match
Colorado__Pueblo_Transit__mdb_mdb-2232,80007,Automated high-confidence match
Colorado__Regional_Transportation_District_(RTD)__mdb_mdb-178,80006,Automated high-confidence match
Colorado__Regional_Transportation_District_(RTD)__mdb_mdb-2280,80006,Confirmed manual review
Colorado__Regional_Transportation_District__mdb_mdb-2054,80006,Automated high-confidence match
Colorado__RoadrunnerTransit__mdb_mdb-805,80189,Automated high-confidence match
Colorado__Roaring_Fork_Transportation_Authority_(RFTA)__mdb_mdb-2179,80289,Automated high-confidence match
Colorado__Roaring_Fork_Transportation_Authority__mdb_mdb-2278,80289,Automated high-confidence match
Colorado__Rocky_Mountain_National_Park_Shuttles__mdb_mdb-176,88286,Confirmed manual review
Colorado__Rocky_Mountain_National_Park__mdb_mdb-3211,88286,Confirmed manual review
Colorado__Routt_County_Council_on_Aging_(RCCOCA)_Transportation__mdb_mdb-2178,88292,Automated high-confidence match
Colorado__San_Miguel_County__mdb_mdb-2195,88294,Confirmed manual review
Colorado__Senior_Resource_Development_Agency__mdb_mdb-2185,80267,Automated high-confidence match
Colorado__Snowmass_Village_Transportation__mdb_mdb-164,80263,Automated high-confidence match
Colorado__South_Central_Council_of_Governments_(SCCOG)__mdb_mdb-2181,80227,Confirmed manual review
Colorado__Southwest_Rides__mdb_mdb-2184,88280,Confirmed manual review
"Colorado__Steamboat_Springs_Transit,_Yellow_Zone__mdb_tld-5757",80186,Automated high-confidence match
Colorado__Steamboat_Springs_Transit__mdb_mdb-2051,80186,Automated high-confidence match
Colorado__Summit_Stage__mdb_mdb-820,80161,Automated high-confidence match
Colorado__Teller_Senior_Coalition_Transit_(TSC_Transit)__mdb_mdb-827,88230,Automated high-confidence match
Colorado__Town_of_Estes_Park__mdb_mdb-177,88281,Automated high-confidence match
Colorado__Town_of_Telluride__mdb_mdb-2050,88294,Confirmed manual review
Colorado__Transfort__mdb_mdb-2293,80011,Automated high-confidence match
Colorado__University_of_Colorado_Boulder__mdb_mdb-181,88287,Confirmed manual review
Colorado__Upper_Arkansas_Area_Council_of_Governments__mdb_mdb-2188,80274,Confirmed manual review
Colorado__Vail_Transit__mdb_mdb-174,88298,Automated high-confidence match
Colorado__Via_Mobility__mdb_mdb-2395,80285,Automated high-confidence match
Colorado__Winter_Park_Transit__mdb_mdb-175,88225,Automated high-confidence match
Connecticut__Connecticut_Transit__mdb_mdb-2840,10156,Automated high-confidence match
Connecticut__Connecticut_Transit__mdb_mdb-553,10156,Confirmed manual review
Connecticut__Greater_Bridgeport_Transit__mdb_mdb-530,10050,Automated high-confidence match
Connecticut__Housatonic_Area_Regional_Transit__mdb_tld-4385,10051,Automated high-confidence match
Connecticut__Mashantucket_Pequot_Tribal_Nation__mdb_ntd-11152,11152,Automated high-confidence match
Connecticut__Metro-North_Railroad__mdb_mdb-524,20078,Confirmed manual review
Connecticut__Middletown_Area_Transit_(MAT)__mdb_mdb-551,10140,Confirmed manual review
Connecticut__Milford_Transit_District__mdb_ntd-10107,10107,Automated high-confidence match
Connecticut__Norwalk_Transit_System_(NTS)__mdb_mdb-2242,10057,Automated high-confidence match
Connecticut__Pioneer_Valley_Transit_Authority_(PVTA)__mdb_mdb-2416,10042,Automated high-confidence match
Connecticut__River_Valley_Transit__mdb_tld-5750,10140,Confirmed manual review
Connecticut__Southeast_Area_Transit_District__mdb_mdb-2240,10040,Automated high-confidence match
Connecticut__University_of_Connecticut_(UCONN___WRTD)__mdb_tld-4473,11217,Confirmed manual review
Delaware__Delaware_Transit_Corporation_(DART_First_State)__mdb_mdb-1235,30075,Confirmed manual review
Delaware__Southeastern_Pennsylvania_Transportation_Authority_(SEPTA)__mdb_mdb-502,30075,Confirmed manual review
Delaware__Southeastern_Pennsylvania_Transportation_Authority_(SEPTA)__mdb_mdb-503,30075,Confirmed manual review
District_of_Columbia__Fairfax_Connector__mdb_mdb-483,30068,Confirmed manual review
District_of_Columbia__Maryland_Transit_Administration__mdb_mdb-467,30034,Confirmed manual review
District_of_Columbia__Maryland_Transit_Administration__mdb_mdb-468,30034,Confirmed manual review
District_of_Columbia__Virginia_Breeze__mdb_mdb-3506,31026,Confirmed manual review
District_of_Columbia__Virginia_Railway_Express__mdb_tld-61,30073,Confirmed manual review
District_of_Columbia__Washington_Metropolitan_Area_Transit_Authority_(WMATA)__mdb_mdb-1846,30030,Automated high-confidence match
District_of_Columbia__Washington_Metropolitan_Area_Transit_Authority_(WMATA)__mdb_mdb-1847,30030,Automated high-confidence match
Florida__Brightline_Trains_LLC__mdb_mdb-1126,41095,Confirmed manual review
Florida__Broward_County_Transit__mdb_mdb-330,40029,Automated high-confidence match
Florida__Central_Florida_Regional_Transit_Authority_(LYNX)__mdb_mdb-347,40035,Automated high-confidence match
Florida__City_of_Miami_Beach__mdb_mdb-2322,41199,Confirmed manual review
Florida__City_of_Miami_Gardens__mdb_mdb-2323,41199,Confirmed manual review
Florida__Collier_Area_Transit_(CAT)__mdb_mdb-2259,40140,Confirmed manual review
Florida__Dry_Tortugas_National_Park__mdb_mdb-3207,40261,Confirmed manual review
Florida__Florida_Department_of_Transportation_(SunRail)__mdb_mdb-626,41095,Confirmed manual review
Florida__Fort_Matanzas_National_Monument__mdb_tld-6905,40261,Confirmed manual review
Florida__Gulf_Islands_National_Seashore__mdb_mdb-3209,40261,Confirmed manual review
Florida__Hendry_County_Transit_System__mdb_tld-7914,41199,Confirmed manual review
Florida__Hillsborough_Area_Regional_Transit_(HART)__mdb_mdb-325,40041,Automated high-confidence match
Florida__I-RIDE_Trolley_(I-RIDE)__mdb_mdb-1143,40920,Confirmed manual review
Florida__Indian_River_Transit__mdb_ntd-40104,41199,Confirmed manual review
Florida__Jacksonville_Transportation_Authority__mdb_tld-764,40040,Automated high-confidence match
Florida__Lake_County_Connection__mdb_mdb-2255,40158,Automated high-confidence match
Florida__Lakeland_Area_Mass_Transit_District__mdb_tld-5899,40031,Automated high-confidence match
Florida__LauderGO!_Water_Trolley__mdb_ntd-44929,90225,Confirmed manual review
Florida__LeeTran__mdb_mdb-324,40028,Automated high-confidence match
Florida__Manatee_County_Area_Transit__mdb_mdb-2258,40026,Automated high-confidence match
Florida__Martin_County_Public_Transit__mdb_tld-4506,40192,Automated high-confidence match
Florida__Miami-Dade_Transit__mdb_mdb-331,41199,Confirmed manual review
Florida__National_Park_Service__mdb_tld-6676,40261,Confirmed manual review
Florida__Palm_Tran__mdb_mdb-332,40037,Automated high-confidence match
Florida__Pasco_County_Public_Transportation__mdb_mdb-340,41199,Confirmed manual review
Florida__Sarasota_County_Area_Transit_(SCAT)__mdb_mdb-348,40063,Automated high-confidence match
Florida__South_Florida_Regional_Transportation_Authority_(Tri-Rail)__mdb_mdb-333,40077,Automated high-confidence match
Florida__South_Florida_Regional_Transportation_Authority__mdb_tld-492,40077,Automated high-confidence match
Florida__Space_Coast_Area_Transit__mdb_ntd-40063,40063,Automated high-confidence match
Florida__USF_Bull_Runner__mdb_mdb-329,80189,Confirmed manual review
Georgia__Athens_Clarke_County_Transit__mdb_tld-4777,40047,Automated high-confidence match
"Georgia__City_of_Hinesville,_Georgia__mdb_ntd-40193",40193,Automated high-confidence match
Georgia__CobbLinc__mdb_mdb-3193,40078,Automated high-confidence match
Georgia__Concho_Valley_Transit_District__mdb_tld-5864,44945,Confirmed manual review
Georgia__Connect_Douglas__mdb_tld-5551,40082,Automated high-confidence match
Georgia__Emory_Hospital_Midtown__mdb_tld-4458,88227,Confirmed manual review
Georgia__Georgia_Tech_Stinger_Bus__mdb_tld-478_1,44982,Confirmed manual review
Georgia__Gwinnett_County_Transit__mdb_mdb-2241,40138,Automated high-confidence match
Georgia__METRA__mdb_ntd-40024,50118,Confirmed manual review
Georgia__Rochester_Institute_of_Technology__mdb_tld-5863,41149,Confirmed manual review
Georgia__University_of_Georgia__mdb_tld-2276,40180,Automated high-confidence match
Hawaii__Maui_County_Transit__mdb_ntd-90241,90241,Automated high-confidence match
Hawaii__TheBus__mdb_mdb-2350,90002,Automated high-confidence match
Hawaii__The_Kauai_Bus__mdb_ntd-90237,90237,Confirmed manual review
Idaho__Citylink_North_(Kootenai_County)__mdb_tld-4791,00055,Automated high-confidence match
Idaho__Citylink_South_(Kootenai_County)__mdb_tld-4792,00055,Automated high-confidence match
Idaho__Lewiston_Transit_System_and_Asotin_County_Public_Transportation_Benefit_Area_(PTBA)__mdb_mdb-2298,00048,Automated high-confidence match
Idaho__Mountain_Rides_Transportation_Authority_(MRTA)__mdb_mdb-2282,00311,Automated high-confidence match
Idaho__Pocatello_Regional_Transit__mdb_mdb-171,00022,Automated high-confidence match
Idaho__Silver_Express_Shuttle__mdb_ntd-404,00135,Confirmed manual review
Idaho__Valley_Regional_Transit__mdb_mdb-142,00011,Automated high-confidence match
Illinois__Champaign-Urbana_Mass_Transit_District__mdb_ntd-50060,50060,Automated high-confidence match
Illinois__Chicago_Transit_Authority_(CTA)__mdb_mdb-389,50066,Automated high-confidence match
Illinois__Chicago_Water_Taxi__mdb_mdb-306,50521,Automated high-confidence match
Illinois__City_of_Galesburg__mdb_ntd-50502,50502,Automated high-confidence match
Illinois__Connect_Transit__mdb_mdb-2267,50047,Automated high-confidence match
Illinois__DeKalb_Public_Transit__mdb_mdb-308,50176,Automated high-confidence match
Illinois__Decatur_Public_Transit_System__mdb_tld-7036,50061,Automated high-confidence match
Illinois__Greater_Peoria_Mass_Transit_(CityLink)__mdb_mdb-2208,50056,Automated high-confidence match
Illinois__JAX_Mass_Transit_District__mdb_mdb-3408,50414,Confirmed manual review
Illinois__Metra__mdb_mdb-2854,50118,Confirmed manual review
Illinois__Pace_Bus__mdb_mdb-2347,50182,Confirmed manual review
Illinois__Shawnee_Mass_Transit_District__mdb_mdb-2332,50315,Automated high-confidence match
Illinois__South_Shore_Line__mdb_mdb-585,55307,Confirmed manual review
Illinois__Springfield_Mass_Transit_District_(SMTD)__mdb_mdb-3187,50059,Confirmed manual review
Illinois__University_of_Chicago__mdb_tld-4472,50569,Confirmed manual review
Indiana__Bloomington_Transit__mdb_mdb-2066,50110,Automated high-confidence match
"Indiana__Central_Indiana_Regional_Transportation_Authority,_Access_Johnson_County__mdb_ntd-50209",50256,Confirmed manual review
Indiana__Citilink__mdb_mdb-2266,50044,Automated high-confidence match
Indiana__CityBus_of_Greater_Lafayette_Indiana_(CityBus)__mdb_mdb-391,50051,Automated high-confidence match
Indiana__City_of_Kokomo__mdb_ntd-50145,50145,Automated high-confidence match
Indiana__Gary_Public_Transportation_Corporation__mdb_tld-4129,50045,Automated high-confidence match
Indiana__Interurban_Trolley__mdb_mdb-571,50289,Automated high-confidence match
Indiana__South_Bend_Public_Transportation_Corporation__mdb_tld-7019,50052,Automated high-confidence match
Indiana__Transit_Authority_of_River_City_(TARC)__mdb_mdb-2662,55676,Confirmed manual review
Indiana__Valparaiso_Transit__mdb_mdb-620,50183,Automated high-confidence match
Iowa__10-15_Transit__mdb_mdb-195,70242,Automated high-confidence match
Iowa__Bettendorf_Transit__mdb_mdb-1826,70007,Automated high-confidence match
Iowa__Burlington_Urban_Service__mdb_mdb-199,70111,Automated high-confidence match
Iowa__Cedar_Rapids_Transit__mdb_mdb-198,70008,Automated high-confidence match
Iowa__Clinton_Municipal_Transit_Administration_(Clinton_MTA)__mdb_mdb-202,70240,Confirmed manual review
Iowa__Coralville_Transit__mdb_mdb-196,70030,Automated high-confidence match
Iowa__CorridorRides__mdb_mdb-316,70138,Confirmed manual review
Iowa__CyRide__mdb_mdb-923,70041,Automated high-confidence match
Iowa__Des_Moines_Area_Regional_Transit_Authority_(DART)__mdb_mdb-193,70010,Automated high-confidence match
Iowa__Dodger_Area_Rapid_Transit__mdb_mdb-203,70108,Automated high-confidence match
Iowa__Iowa_City_Transit_System__mdb_mdb-559,70018,Confirmed manual review
Iowa__Marshalltown_Municipal_Transit__mdb_mdb-194,70092,Automated high-confidence match
Iowa__Mason_City_Public_Transit__mdb_mdb-204,70260,Confirmed manual review
Iowa__Metropolitan_Transit_Authority_of_Black_Hawk_County__mdb_mdb-2414,70013,Automated high-confidence match
Iowa__MuscaBus__mdb_mdb-200,70101,Automated high-confidence match
Iowa__Sioux_City_Transit_System__mdb_mdb-191,70012,Automated high-confidence match
Iowa__The_Jule__mdb_mdb-2083,70011,Automated high-confidence match
Iowa__University_of_Iowa_-_CAMBUS_(CAMBUS)__mdb_mdb-197,70019,Automated high-confidence match
Kansas__Developmental_Services_of_NW_Kansas_ACCESS_Transportation__mdb_ntd-70060,70060,Automated high-confidence match
Kansas__Flint_Hills_Area_Transportation_Agency__mdb_tld-4273,70053,Automated high-confidence match
Kansas__Johnson_County_Transit__mdb_mdb-2303,70035,Automated high-confidence match
Kansas__KU_on_Wheels_&_Lawrence_Transit_System__mdb_mdb-2063,70048,Automated high-confidence match
Kansas__KU_on_Wheels_&_Lawrence_Transit_System__mdb_tld-1039,70048,Automated high-confidence match
Kansas__Kansas_City_Area_Transportation_Authority_(KCATA)__mdb_mdb-187,77079,Confirmed manual review
Kansas__Reno_County_Area_Transit__mdb_tld-6670,70180,Automated high-confidence match
Kansas__Topeka_Metro__mdb_tld-1660_1,70014,Automated high-confidence match
Kentucky__Blue_Grass_Community_Action_Partnership__mdb_mdb-362,40948,Confirmed manual review
Kentucky__City_of_Bowling_Green__mdb_ntd-40184,40184,Automated high-confidence match
Kentucky__City_of_Glasgow__mdb_ntd-41083,41083,Automated high-confidence match
Kentucky__City_of_Maysville__mdb_ntd-41032,41032,Automated high-confidence match
Kentucky__Lextran__mdb_mdb-2067,40017,Automated high-confidence match
Kentucky__Transit_Authority_of_Northern_Kentucky_(TANK)__mdb_mdb-2068,40019,Automated high-confidence match
Louisiana__Capital_Area_Transit_System_(CATS)__mdb_mdb-2065,60022,Automated high-confidence match
Louisiana__Good_Earth_Transit__mdb_ntd-60080,60080,Automated high-confidence match
Louisiana__Lake_Charles_Transit__mdb_ntd-60023,60023,Automated high-confidence match
Louisiana__New_Orleans_Regional_Transit_Authority_(NORTA)__mdb_ntd-60032,60032,Automated high-confidence match
Louisiana__Shreveport_and_Bossier_City__mdb_mdb-1060,60276,Confirmed manual review
Louisiana__St._Bernard_Parish__mdb_ntd-60058,60058,Automated high-confidence match
Louisiana__Tangipahoa_Voluntary_Council_on_Aging__mdb_ntd-60196,60196,Automated high-confidence match
Maine__Acadia_National_Park__mdb_tld-6900,10175,Automated high-confidence match
Maine__Bangor_Community_Connector__mdb_tld-7824,10096,Automated high-confidence match
Maine__Biddeford_Saco_Old_Orchard_Beach_Transit__mdb_tld-4756,10114,Automated high-confidence match
Maine__Greater_Portland_Metro_Bus__mdb_mdb-2642,10016,Automated high-confidence match
Maine__Lakes_Region_Explorer__mdb_mdb-452,10142,Confirmed manual review
Maine__Town_of_Cranberry_Isles_Commuter_Ferry__mdb_tld-7866,10153,Automated high-confidence match
Maine__West's_Bus_Service__mdb_tld-7870,11153,Confirmed manual review
Maryland__Annapolis_Transit__mdb_mdb-2285,30040,Automated high-confidence match
Maryland__Cecil_Transit__mdb_mdb-3178,30108,Automated high-confidence match
Maryland__Frederick_County_TransIT__mdb_mdb-2432,30072,Automated high-confidence match
Maryland__Harbor_Connector__mdb_mdb-618,60276,Confirmed manual review
Maryland__Maryland_Transit_Administration_Metro_Subway__mdb_mdb-470,30034,Automated high-confidence match
Maryland__Maryland_Transit_Administration__mdb_mdb-466,30034,Automated high-confidence match
Maryland__Maryland_Transit_Administration__mdb_mdb-469,30034,Automated high-confidence match
Maryland__Montgomery_County_Department_of_Transportation_(Ride_On)__mdb_mdb-488,30051,Automated high-confidence match
Maryland__Prince_George's_County_(The_Bus)__mdb_mdb-477,31026,Confirmed manual review
Maryland__Regional_Transportation_Agency_of_Central_Maryland_(RTA)__mdb_mdb-489,30205,Automated high-confidence match
Maryland__Saint_Maryʼs_Transit_System__mdb_mdb-2268,30109,Automated high-confidence match
Maryland__Towson_Loop__mdb_mdb-1784,30186,Confirmed manual review
Maryland__Washington_County_Transit__mdb_mdb-2286,30042,Automated high-confidence match
Maryland__rabbittransit__mdb_tld-223,30206,Confirmed manual review
Massachusetts__Bay_State_Cruise_Company__mdb_mdb-435,11238,Automated high-confidence match
Massachusetts__Berkshire_Regional_Transit_Authority_(BRTA)__mdb_mdb-537,10007,Automated high-confidence match
Massachusetts__Block_Island_Ferry__mdb_mdb-554,90225,Confirmed manual review
Massachusetts__Blue_Apple_Bus_Company__mdb_mdb-2299,11245,Confirmed manual review
Massachusetts__Boston_Express__mdb_mdb-3033,10133,Confirmed manual review
Massachusetts__Boston_Harbor_Island_National_Recreation_Area__mdb_mdb-3416,10004,Confirmed manual review
Massachusetts__Boston_Harbor_Islands_Ferry__mdb_mdb-2679,99468,Confirmed manual review
Massachusetts__Brockton_Area_Transit_Authority_(BAT)__mdb_mdb-422,10004,Automated high-confidence match
Massachusetts__Brockton_Area_Transit_Authority__mdb_ntd-10004,10004,Automated high-confidence match
Massachusetts__Cape_Ann_Transportation_Authority_(CATA)__mdb_mdb-447,10053,Automated high-confidence match
Massachusetts__Cape_Cod_Regional_Transportation_Authority_(Cape_Cod_RTA)__mdb_mdb-645,10105,Automated high-confidence match
Massachusetts__Cuttyhunk_Ferry_Company__mdb_mdb-423,10176,Confirmed manual review
Massachusetts__Franklin_Regional_Transit_Authority_(FRTA)__mdb_mdb-429,10173,Automated high-confidence match
Massachusetts__Freedom_Cruise_Line__mdb_mdb-425,11239,Confirmed manual review
Massachusetts__Green_Mountain_Community_Network_(GMCN)__mdb_mdb-539,80159,Confirmed manual review
Massachusetts__Hy-Line_Cruises__mdb_mdb-427,11239,Automated high-confidence match
Massachusetts__Lowell_Regional_Transit_Authority_(LRTA)__mdb_mdb-444,10005,Automated high-confidence match
Massachusetts__Martha's_Vineyard_Transit_Authority__mdb_mdb-420,10145,Automated high-confidence match
Massachusetts__Massachusetts_Bay_Transportation_Authority_(MBTA)__mdb_mdb-437,10105,Confirmed manual review
Massachusetts__Massport__mdb_mdb-441,10181,Confirmed manual review
Massachusetts__Merrimack_Valley_Regional_Transit_Authority_(MVRTA)__mdb_mdb-445,10013,Automated high-confidence match
Massachusetts__MetroWest_Regional_Transit_Authority_(MWRTA)__mdb_mdb-439,10118,Automated high-confidence match
Massachusetts__Middlesex_3_TMA__mdb_mdb-442,60126,Confirmed manual review
Massachusetts__Montachusett_Regional_Transit_Authority_(MART)__mdb_mdb-433,10061,Confirmed manual review
Massachusetts__Nantucket_Regional_Transit_Authority_(WAVE)__mdb_mdb-426,10162,Automated high-confidence match
Massachusetts__Plymouth_&_Brockton_Street_Railway_Co__mdb_mdb-556,10176,Automated high-confidence match
Massachusetts__Rhode_Island_Public_Transit_Authority__mdb_mdb-624,11245,Confirmed manual review
Massachusetts__Southeastern_Regional_Transit_Authority_(SRTA)__mdb_mdb-421,10006,Automated high-confidence match
Massachusetts__Vineyard_Fast_Ferry__mdb_mdb-419,10183,Confirmed manual review
Michigan__Ann_Arbor_Area_Transportation_Authority_(TheRide)__mdb_mdb-415,50040,Automated high-confidence match
Michigan__Bay_Area_Transportation_Authority__mdb_mdb-2254,50413,Automated high-confidence match
Michigan__Bay_Metropolitan_Transit_Authority__mdb_ntd-50029,50029,Automated high-confidence match
Michigan__Blue_Water_Area_Transit__mdb_tld-7035,50148,Automated high-confidence match
Michigan__Capital_Area_Transportation_Authority_(CATA)__mdb_mdb-402,50036,Confirmed manual review
Michigan__City_of_Houghton__mdb_ntd-50386,50386,Automated high-confidence match
Michigan__Detroit_People_Mover__mdb_mdb-2281,50141,Confirmed manual review
Michigan__Froggy_Transportation__mdb_mdb-2216,55560,Confirmed manual review
Michigan__Hope_College_Evening_Shuttle__mdb_mdb-3039,55442,Confirmed manual review
Michigan__Kalamazoo_Metro_Transit__mdb_tld-674,50029,Confirmed manual review
Michigan__Kalkaska_Public_Transit_Authority__mdb_ntd-50282,50282,Automated high-confidence match
Michigan__Lake_Erie_Transit__mdb_tld-6883,50522,Automated high-confidence match
Michigan__Macatawa_Area_Express__mdb_tld-5873,50184,Automated high-confidence match
Michigan__Mass_Transportation_Authority_Flint__mdb_mdb-2287,50459,Confirmed manual review
Michigan__Muskegon_Area_Transit_System__mdb_tld-4831,50037,Automated high-confidence match
Michigan__Suburban_Mobility_Authority_for_Regional_Transit_(SMART)__mdb_mdb-414,55637,Automated high-confidence match
Michigan__The_Rapid__mdb_mdb-400,50495,Confirmed manual review
Michigan__University_of_Michigan_Transit_Services__mdb_mdb-2072,50158,Automated high-confidence match
Minnesota__Brown_County_Heartland_Express__mdb_mdb-2037,50384,Confirmed manual review
Minnesota__Brown_County_Heartland_Express__mdb_mdb-2296,50384,Confirmed manual review
Minnesota__Central_Community_Transit__mdb_mdb-2301,55314,Automated high-confidence match
Minnesota__Community_Transit__mdb_tld-5761,55326,Confirmed manual review
Minnesota__Duluth_Transit__mdb_mdb-301,50025,Automated high-confidence match
Minnesota__Hiawathaland_Transit__mdb_mdb-2859,50510,Automated high-confidence match
Minnesota__Mankato_Transit_System__mdb_ntd-50205,50205,Automated high-confidence match
Minnesota__Metro_Transit__mdb_mdb-205,50518,Confirmed manual review
Minnesota__Minnesota_Valley_Transit_Authority_(MVTA)__mdb_mdb-206,50519,Confirmed manual review
Minnesota__SMART__mdb_tld-5753,88294,Confirmed manual review
Minnesota__St._Cloud_Metropolitan_Transit_Commission__mdb_ntd-50028,50028,Confirmed manual review
Minnesota__The_Otter_Express__mdb_mdb-2038,55234,Confirmed manual review
Mississippi__City_of_Hattiesburg__mdb_ntd-40060,40060,Automated high-confidence match
Mississippi__City_of_Jackson_(JTRAN)__mdb_mdb-2652,40015,Confirmed manual review
Mississippi__Gulf_Islands_National_Seashore__mdb_mdb-3210,99468,Confirmed manual review
Mississippi__National_Park_Service__mdb_tld-6677,99468,Confirmed manual review
Missouri__City_of_Jefferson__mdb_ntd-70043,70043,Automated high-confidence match
Missouri__Get_Around_Columbia_(GoCOMO)__mdb_ntd-70016,70016,Automated high-confidence match
Missouri__Metro_St,70006,Automated high-confidence match
Missouri__Metro_St._Louis__mdb_mdb-2035,70006,Automated high-confidence match
Montana__Billings_Metropolitan_Transit__mdb_tld-5893,80004,Automated high-confidence match
Montana__Mountain_Line__mdb_mdb-292,80009,Automated high-confidence match
Montana__Park_County_Transit__mdb_ntd-88293,88293,Automated high-confidence match
Montana__Streamline__mdb_mdb-295,80235,Automated high-confidence match
Montana__Sunny_Valley_Transit_(Demo)__mdb_mdb-3473,80183,Confirmed manual review
Nebraska__North_Fork_Area_Transit__mdb_tld-4469,70156,Automated high-confidence match
Nebraska__Omaha_Metro__mdb_mdb-2261,70002,Automated high-confidence match
Nebraska__Open_Plains_Transit__mdb_tld-6708,77080,Confirmed manual review
Nebraska__StarTran__mdb_mdb-2269,70001,Automated high-confidence match
Nevada__Jump_Around_Carson__mdb_tld-688,90215,Confirmed manual review
Nevada__Regional_Transportation_Commission_(RTC)__mdb_mdb-120,90045,Confirmed manual review
Nevada__Regional_Transportation_Commission_of_Southern_Nevada_(RTC)__mdb_mdb-2351,90045,Automated high-confidence match
Nevada__Sage_Stage__mdb_mdb-113,91008,Confirmed manual review
New_Hampshire__Advance_Transit__mdb_mdb-631,11164,Confirmed manual review
New_Hampshire__City_Express__mdb_ntd-10159,10133,Confirmed manual review
New_Hampshire__Cooperative_Alliance_For_Seacoast_Transportation__mdb_tld-4668,10086,Automated high-confidence match
New_Hampshire__Dartmouth_College__mdb_mdb-1958,11244,Confirmed manual review
New_Hampshire__Manchester_Transit_Authority__mdb_mdb-3432,10002,Automated high-confidence match
New_Hampshire__Rural_Community_Transportation_(RCT)__mdb_mdb-448,11156,Confirmed manual review
New_Hampshire__Tri-Valley_Transit__mdb_mdb-852,11164,Confirmed manual review
New_Jersey__Academy_Lines__mdb_ntd-20122,20924,Confirmed manual review
"New_Jersey__Coach_USA_Erie,_Orange_Westchester_Link,_ShortLine_Hudson,_Suburban_Transit,_Community_Coach,_Rockland_Coaches,_Newark_A__mdb_tld-5741",22969,Confirmed manual review
New_Jersey__Cross_County_Connection__mdb_ntd-20208,22969,Confirmed manual review
New_Jersey__Fullington_Trailways__mdb_tld-4379,30987,Confirmed manual review
New_Jersey__Megabus__mdb_mdb-2321,20982,Confirmed manual review
New_Jersey__NY_Waterway__mdb_mdb-3192,20190,Automated high-confidence match
New_Jersey__New_Jersey_Transit_(NJ_Transit)__mdb_mdb-508,20080,Confirmed manual review
New_Jersey__New_Jersey_Transit_(NJ_Transit)__mdb_mdb-509,20080,Confirmed manual review
New_Jersey__Somerset_County__mdb_ntd-20209,20209,Automated high-confidence match
New_Jersey__Statue_of_Liberty_National_Monument__mdb_tld-6909,22981,Confirmed manual review
New_Jersey__Sussex_County_Skylands_Ride__mdb_ntd-20950,20950,Automated high-confidence match
New_Mexico__ABQ_RIDE__mdb_mdb-166,60019,Confirmed manual review
New_Mexico__A_Shiwi_Transit__mdb_ntd-66242,66242,Automated high-confidence match
New_Mexico__Atomic_City_Transit__mdb_mdb-1240,60215,Automated high-confidence match
New_Mexico__Bandalier_National_Monument__mdb_tld-6902,99468,Confirmed manual review
New_Mexico__City_of_Hobbs__mdb_ntd-60190,60190,Automated high-confidence match
New_Mexico__NMDOT_Park_and_Ride__mdb_tld-5537,66339,Confirmed manual review
New_Mexico__Navajo_Transit_System__mdb_mdb-2346,60620,Confirmed manual review
New_Mexico__North_Central_Regional_Transit_District__mdb_tld-1319,60138,Confirmed manual review
New_Mexico__Red_Apple_Transit__mdb_mdb-160,60100,Automated high-confidence match
New_Mexico__RoadRUNNER_Transit__mdb_mdb-2075,60049,Automated high-confidence match
New_Mexico__Roswell_Transit__mdb_ntd-60167,60167,Automated high-confidence match
New_York__Access_Allegany__mdb_mdb-531,20951,Automated high-confidence match
"New_York__Adirondack_Trailways,_New_York_Trailways,_Pine_Hill_Trailways,_Burlington_Trailways__mdb_ntd-20177",22930,Confirmed manual review
New_York__Adirondack_Trailways_ADP__mdb_mdb-823,20969,Confirmed manual review
New_York__Adirondack_Trailways_NYP__mdb_mdb-824,20969,Confirmed manual review
New_York__Adirondack_Trailways__mdb_tld-5781,20969,Confirmed manual review
New_York__Birnie_Bus__mdb_mdb-233,20988,Confirmed manual review
New_York__Broome_County_Transit_(B.C,20003,Automated high-confidence match
New_York__Broome_County_Transit_(B.C._Transit)__mdb_mdb-2079,20003,Automated high-confidence match
New_York__Centro__mdb_mdb-534,20228,Confirmed manual review
New_York__Chautauqua_Area_Regional_Transit_System_(CARTS)__mdb_mdb-304,20983,Confirmed manual review
New_York__Chemung_County_(C-TRAN)__mdb_ntd-20005,20005,Confirmed manual review
New_York__Chenango_First_Transit__mdb_mdb-536,21000,Confirmed manual review
New_York__City_Of_Glen_Cove__mdb_tld-5787,22930,Confirmed manual review
New_York__City_of_Long_Beach_Transportation__mdb_mdb-916,20006,Automated high-confidence match
New_York__City_of_Mechanicville_Public_Transit__mdb_mdb-541,20213,Confirmed manual review
New_York__Clarkstown_MiniTrans__mdb_mdb-911,20085,Confirmed manual review
New_York__Clinton_County_Public_Transit_(CCPT)__mdb_mdb-544,20939,Automated high-confidence match
New_York__Columbia_County_Public_Transportation__mdb_mdb-3116,20999,Automated high-confidence match
New_York__Columbia_University__mdb_tld-4456,20999,Confirmed manual review
New_York__Connect_Niagara__mdb_tld-5791,20957,Automated high-confidence match
New_York__Corning_Erwin_Area_Transit_System_(CEATS)__mdb_mdb-302,20941,Confirmed manual review
New_York__Downtown_Alliance__mdb_mdb-519,70107,Confirmed manual review
New_York__Dutchess_County__mdb_mdb-457,20010,Automated high-confidence match
New_York__Endless_Mountains_Transportation_Authority__mdb_tld-7021,21000,Confirmed manual review
New_York__Fullington_Trailways__mdb_tld-5783,20978,Confirmed manual review
New_York__Gloversville_Transit_System__mdb_mdb-2650,20981,Automated high-confidence match
New_York__Greene_County_Transit__mdb_mdb-613,20931,Automated high-confidence match
New_York__Hornell_Area_Transit__mdb_mdb-532,20953,Automated high-confidence match
New_York__Huntington_Area_Rapid_Transit_(HART)__mdb_mdb-905,20071,Confirmed manual review
New_York__Jefferson_County_Public_Transit_(JCPT)__mdb_mdb-3392,20991,Confirmed manual review
New_York__Lake_Champlain_Ferries__mdb_mdb-547,99292,Confirmed manual review
New_York__Leprechaun_Lines__mdb_mdb-910,20179,Automated high-confidence match
New_York__Lewis_County_Public_Transportation__mdb_mdb-566,20925,Automated high-confidence match
New_York__Lower_Hudson_Valley_Transit__mdb_mdb-915,20991,Confirmed manual review
New_York__MTA_Metro-North_Railroad__mdb_tld-5788,20078,Automated high-confidence match
New_York__Madison_County_Transit__mdb_mdb-573,20940,Automated high-confidence match
New_York__Mercy_College__mdb_tld-4465,88140,Confirmed manual review
New_York__Metropolitan_Transit_Authority_(MTA)__mdb_mdb-507,20188,Confirmed manual review
New_York__Metropolitan_Transit_Authority_(MTA)__mdb_mdb-510,20188,Confirmed manual review
New_York__Metropolitan_Transit_Authority_(MTA)__mdb_mdb-511,20188,Confirmed manual review
New_York__Metropolitan_Transit_Authority_(MTA)__mdb_mdb-512,20188,Confirmed manual review
New_York__Metropolitan_Transit_Authority_(MTA)__mdb_mdb-513,20188,Confirmed manual review
New_York__Metropolitan_Transit_Authority_(MTA)__mdb_mdb-514,20188,Confirmed manual review
New_York__Metropolitan_Transit_Authority_(MTA)__mdb_mdb-516,20188,Confirmed manual review
New_York__Metropolitan_Transit_Authority_(MTA)__mdb_mdb-520,20188,Confirmed manual review
New_York__Metropolitan_Transit_Authority_(MTA)__mdb_mdb-528,20188,Confirmed manual review
New_York__NYC_Ferry__mdb_mdb-515,90225,Confirmed manual review
New_York__Nassau_Inter-County_Express_(NICE_Bus)__mdb_mdb-521,20206,Automated high-confidence match
New_York__Niagara_Frontier_Transportation_Authority__mdb_tld-401,20004,Automated high-confidence match
New_York__Niagara_Frontier_Transportation_Authority__mdb_tld-6748,20004,Automated high-confidence match
New_York__North_Country_Express_Transit__mdb_mdb-546,20991,Confirmed manual review
New_York__Olean_Area_Transit_System__mdb_mdb-586,20975,Automated high-confidence match
New_York__Oneonta_Public_Transit__mdb_tld-6777,20960,Automated high-confidence match
New_York__Otsego_Express_Public_Transportation__mdb_mdb-589,21000,Confirmed manual review
New_York__PART_Putnam_Area_Rapid_Transit__mdb_mdb-928,20096,Confirmed manual review
"New_York__Propark_Mobility,_Columbia_County_Public_Transportation__mdb_tld-6745",20999,Automated high-confidence match
New_York__Rensselaer_County_(Yankee_Trails)__mdb_mdb-804,20968,Confirmed manual review
New_York__Rochester-Genesee_Regional_Transportation_Authority_(RGRTA)__mdb_mdb-533,20983,Confirmed manual review
New_York__Rochester-Genesee_Regional_Transportation_Authority__mdb_tld-1200,22929,Confirmed manual review
New_York__Rochester-Genesee_Regional_Transportation_Authority__mdb_tld-1201,20991,Confirmed manual review
New_York__Rochester-Genesee_Regional_Transportation_Authority__mdb_tld-7040,20991,Confirmed manual review
New_York__Rochester-Genesee_Regional_Transportation_Authority__mdb_tld-7041,20991,Confirmed manual review
New_York__Rochester-Genesee_Regional_Transportation_Authority__mdb_tld-7042,20991,Confirmed manual review
New_York__Rochester-Genesee_Regional_Transportation_Authority__mdb_tld-7043,20991,Confirmed manual review
New_York__Rochester_Transit_Service__mdb_mdb-3114,20999,Confirmed manual review
New_York__Roosevelt_Island_Operating_Corporation_Tramway__mdb_tld-3364,20099,Confirmed manual review
New_York__Schoharie_County_Transit__mdb_tld-5877,20926,Automated high-confidence match
New_York__SeaStreak_Ferries__mdb_ntd-20226,20226,Confirmed manual review
New_York__Seneca_Transit_System__mdb_ntd-22929,21000,Confirmed manual review
New_York__St_Lawrence_County_Public_Transit__mdb_mdb-2611,20991,Automated high-confidence match
New_York__Staten_Island_Ferry__mdb_mdb-518,20082,Confirmed manual review
New_York__Steuben_County_Transit__mdb_mdb-851,21000,Confirmed manual review
New_York__Suffolk_County_Transit__mdb_mdb-3115,20072,Automated high-confidence match
New_York__Sullivan_County_Transit__mdb_mdb-927,20937,Automated high-confidence match
New_York__Tompkins_Consolidated_Area_Transit_Inc__mdb_mdb-535,20145,Automated high-confidence match
New_York__Transport_of_Rockland__mdb_tld-3368,20988,Confirmed manual review
New_York__Ulster_County_Area_Transit__mdb_mdb-526,20178,Automated high-confidence match
New_York__Watertown_Citibus__mdb_mdb-2881,20215,Automated high-confidence match
New_York__Watertown_Citibus__mdb_mdb-871,20215,Automated high-confidence match
North_Carolina__Asheville_Rides_Transit__mdb_mdb-903,40005,Automated high-confidence match
North_Carolina__Cape_Lookout_National_Seashore__mdb_mdb-3205,40209,Confirmed manual review
North_Carolina__Capital_Area_Transit_(GoRaleigh)__mdb_mdb-2074,40007,Automated high-confidence match
North_Carolina__Chapel_Hill_Transit__mdb_tld-89,40051,Automated high-confidence match
North_Carolina__Charlotte_Area_Transit_System_(CATS)__mdb_mdb-2265,44977,Confirmed manual review
North_Carolina__City_of_Jacksonville__mdb_tld-6735,40166,Automated high-confidence match
North_Carolina__Concord_Kannapolis_Area_Transit_(Rider_Transit)__mdb_mdb-2244,40167,Automated high-confidence match
North_Carolina__Davidson_County_Transportation_Services__mdb_ntd-40131,40131,Automated high-confidence match
North_Carolina__Eastern_Band_of_Cherokee_Indians_Public_Transit__mdb_tld-7066,44913,Automated high-confidence match
North_Carolina__GoCary__mdb_mdb-2277,40143,Automated high-confidence match
North_Carolina__GoDurham__mdb_tld-98,40087,Automated high-confidence match
North_Carolina__GoTriangle__mdb_mdb-3183,41131,Confirmed manual review
North_Carolina__Link_Transit__mdb_mdb-1971,40252,Automated high-confidence match
North_Carolina__North_Carolina_State_University_(NCSU)__mdb_mdb-2245,40147,Automated high-confidence match
North_Carolina__Orange_County_Public_Transportation__mdb_tld-7885,40231,Automated high-confidence match
North_Carolina__Piedmont_Authority_for_Regional_Transportation_(PART)__mdb_mdb-373,40173,Automated high-confidence match
North_Carolina__Research_Triangle_Regional_Public_Transportation_Authority__mdb_tld-202,40108,Automated high-confidence match
North_Carolina__Tar_River_Transit__mdb_mdb-472,40096,Automated high-confidence match
North_Carolina__Wave_Transit__mdb_mdb-1110,40006,Automated high-confidence match
North_Carolina__Winston_Salem_Transit_Authority_(WSTA)__mdb_mdb-3479,40012,Automated high-confidence match
North_Dakota__Bis-Man_Transit__mdb_tld-6095,80019,Automated high-confidence match
North_Dakota__Cities_Area_Transit__mdb_mdb-2199,88128,Confirmed manual review
North_Dakota__City_of_Fargo__mdb_ntd-80003,80003,Automated high-confidence match
Ohio__Akron_Metro_Regional_Transit_Authority_(METRO)__mdb_mdb-2071,50012,Confirmed manual review
Ohio__Allen_County_Regional_Transit_Authority__mdb_mdb-210,50093,Automated high-confidence match
Ohio__Central_Ohio_Transit_Authority_(COTA)__mdb_mdb-404,50016,Automated high-confidence match
Ohio__Cincinnati_Metro__mdb_mdb-307,50012,Confirmed manual review
Ohio__Greater_Cleveland_Regional_Transit_Authority__mdb_mdb-406,50015,Automated high-confidence match
Ohio__Greater_Dayton_Regional_Transit_Authority_(Greater_Dayton_RTA)__mdb_mdb-403,50017,Automated high-confidence match
Ohio__Laketran__mdb_mdb-410,50117,Automated high-confidence match
Ohio__Licking_County_Transit__mdb_ntd-50163,50163,Automated high-confidence match
Ohio__Lorain_County_Transit__mdb_tld-7039,50095,Confirmed manual review
Ohio__Miller_Transportation__mdb_tld-4466,55474,Confirmed manual review
Ohio__Portage_Area_Regional_Transportation_Authority_(PARTA)__mdb_mdb-2256,50021,Automated high-confidence match
Ohio__Sandusky_Transit_System__mdb_tld-1213_1,50164,Automated high-confidence match
Ohio__Stark_Area_Regional_Transit_Authority_(SARTA)__mdb_mdb-2001,50011,Automated high-confidence match
Ohio__Toledo_Area_Regional_Transit_Authority__mdb_tld-1716_1,50022,Automated high-confidence match
Ohio__Western_Reserve_Transit_Authority__mdb_tld-1717,50024,Automated high-confidence match
Oklahoma__Campus_Area_Rapid_Transit_(CART)__mdb_mdb-182,66194,Confirmed manual review
Oklahoma__Citylink_Edmond__mdb_tld-7841,60118,Automated high-confidence match
Oklahoma__Embark__mdb_mdb-2062,66341,Confirmed manual review
Oklahoma__Metropolitan_Tulsa_Transit_Authority__mdb_tld-235,60018,Automated high-confidence match
Oklahoma__OSU-Stillwater_Community_Transit__mdb_tld-7941,60160,Automated high-confidence match
Oklahoma__Oklahoma_State_University_-Stillwater_Community_Transit__mdb_ntd-60160,60160,Automated high-confidence match
Oregon__Astoria_Riverfront_Trolley__mdb_mdb-1254,70057,Confirmed manual review
Oregon__Basin_Transit_Service_(BTS)__mdb_mdb-125,00339,Automated high-confidence match
Oregon__Benton_Area_Transportation__mdb_mdb-126,00065,Automated high-confidence match
Oregon__Benton_Area_Transportation__mdb_mdb-3109,00065,Automated high-confidence match
Oregon__Buena_Vista_Ferry__mdb_mdb-834,91014,Confirmed manual review
Oregon__Burns_Paiute_Tribal_Transit__mdb_mdb-2621,00421,Automated high-confidence match
Oregon__C-TRAN__mdb_mdb-258,00459,Confirmed manual review
Oregon__Canby_Area_Transit_(CAT)__mdb_mdb-252,00421,Confirmed manual review
Oregon__Canby_Ferry__mdb_mdb-605,90225,Confirmed manual review
Oregon__Caravan_Airport_Transportation__mdb_mdb-127,00375,Confirmed manual review
Oregon__Cascades_East_Transit__mdb_tld-170,00057,Automated high-confidence match
Oregon__Central_Oregon_Breeze__mdb_mdb-139,00326,Automated high-confidence match
Oregon__City_of_Corvallis__mdb_mdb-2283,00047,Automated high-confidence match
Oregon__City_of_Milton-Freewater_Public_Transportation__mdb_mdb-2189,00119,Confirmed manual review
Oregon__ClackCo_Connects_(Clackamas_County)__mdb_mdb-2740,00363,Automated high-confidence match
Oregon__ClackCo_Connects_(Clackamas_County)__mdb_mdb-2741,00363,Automated high-confidence match
Oregon__ClackCo_Connects_(Clackamas_County)__mdb_mdb-312,00363,Automated high-confidence match
Oregon__Columbia_Area_Transit_(CAT)__mdb_mdb-260,00319,Automated high-confidence match
Oregon__Columbia_County_Rider__mdb_mdb-3037,00375,Automated high-confidence match
Oregon__Columbia_County_Rider__mdb_tld-4210,00375,Automated high-confidence match
Oregon__Coos_County_Area_Transit_(CCAT)__mdb_mdb-21,00307,Confirmed manual review
Oregon__Curry_Public_Transit__mdb_mdb-22,00308,Automated high-confidence match
Oregon__Diamond_Express__mdb_mdb-130,00377,Confirmed manual review
Oregon__Harney_County__mdb_mdb-931,00374,Automated high-confidence match
Oregon__Josephine_County_Transit_(JCT)__mdb_mdb-121,00059,Automated high-confidence match
"Oregon__LINX_Transit,_Linn-Benton_Loop,_Albany_Transit_System__mdb_mdb-135",00061,Automated high-confidence match
Oregon__Let'er_Bus__mdb_mdb-590,00359,Automated high-confidence match
Oregon__Lincoln_County_Transit_(LCT)__mdb_mdb-23,00310,Automated high-confidence match
Oregon__Link_Lane__mdb_mdb-932,00464,Automated high-confidence match
Oregon__Linn_Shuttle__mdb_mdb-137,00061,Confirmed manual review
Oregon__Malheur_Council_on_Aging_&_Community_Services__mdb_mdb-141,00323,Automated high-confidence match
Oregon__Morrow_County_Public_Transit__mdb_mdb-2418,00308,Confirmed manual review
Oregon__Oregon_Express_Shuttle__mdb_mdb-132,00R02,Confirmed manual review
Oregon__Pacific_Crest_Bus_Lines__mdb_mdb-133,00362,Automated high-confidence match
Oregon__People_Mover__mdb_mdb-112,00313,Automated high-confidence match
Oregon__Philomath_Connection__mdb_mdb-2205,00343,Confirmed manual review
Oregon__Quail_Trail_Public_Transit__mdb_mdb-1327,00421,Confirmed manual review
Oregon__Rhody_Express__mdb_mdb-24,00377,Confirmed manual review
Oregon__Ride_Connection__mdb_mdb-253,00376,Automated high-confidence match
Oregon__Rogue_Valley_Transportation_District_(RVTD)__mdb_mdb-3219,00034,Automated high-confidence match
Oregon__Sandy_Area_Metro_(SAM)__mdb_mdb-261,00363,Automated high-confidence match
Oregon__Sandy_Area_Metro_(SAM)__mdb_mdb-2739,00389,Automated high-confidence match
Oregon__South_Clackamas_Transportation_District__mdb_mdb-883,00301,Automated high-confidence match
Oregon__South_Metro_Area_Regional_Transit_(SMART)__mdb_mdb-2706,00046,Confirmed manual review
"Oregon__Sunset_Empire_Transportation_District_(SETD),_Tillamook_County_Transportation_District,_Columbia_County_Rider__mdb_mdb-246",00331,Confirmed manual review
Oregon__Sunset_Empire_Transportation_District__mdb_tld-4211,00331,Automated high-confidence match
Oregon__Swan_Island_Evening_Shuttle__mdb_mdb-255,00421,Confirmed manual review
"Oregon__TriMet,_Portland_Streetcar__mdb_mdb-247",00058,Automated high-confidence match
Oregon__Wahkiakum_Ferry__mdb_mdb-2193,90225,Confirmed manual review
"Oregon__Wallowa_Community_Connection_(WCC),_Northeast_Oregon_Public_Transit__mdb_mdb-289",00R02,Confirmed manual review
Oregon__Washington_Park_Shuttle__mdb_mdb-254,60168,Confirmed manual review
Oregon__Wheatland_Ferry__mdb_mdb-833,90225,Confirmed manual review
Oregon__Woodburn_Transit_Service_(WTS)__mdb_mdb-251,00360,Automated high-confidence match
Oregon__Yamhill_County_Transit_Area__mdb_mdb-250,00321,Confirmed manual review
Pennsylvania__Altoona_Metro_Transit__mdb_tld-4669,30011,Confirmed manual review
Pennsylvania__Area_Transit_Authority__mdb_tld-4551,31041,Confirmed manual review
Pennsylvania__Beaver_County_Transit_Authority__mdb_mdb-2262,30023,Automated high-confidence match
Pennsylvania__Berks_Area_Regional_Transportation_Authority_(BARTA)__mdb_mdb-2064,31039,Confirmed manual review
Pennsylvania__Borough_of_Mt._Carmel__mdb_ntd-30116,30116,Automated high-confidence match
Pennsylvania__Butler_Transit_Authority__mdb_tld-4659,31041,Confirmed manual review
Pennsylvania__Cambria_County_Transit_Authority__mdb_tld-4671,30012,Automated high-confidence match
Pennsylvania__Capital_Area_Transit__mdb_tld-4298,30014,Automated high-confidence match
Pennsylvania__Centre_Area_Transportation_Authority_(CATABUS)__mdb_ntd-30054,30054,Automated high-confidence match
Pennsylvania__Centre_County_Transit_Authority__mdb_tld-4771,31042,Automated high-confidence match
Pennsylvania__County_of_Lackawanna_Transit_System__mdb_tld-4553,30025,Automated high-confidence match
Pennsylvania__Crawford_Area_Transportation_Authority__mdb_tld-4674,30185,Automated high-confidence match
Pennsylvania__Fayette_Area_Coordinated_Transportation__mdb_tld-7027,30087,Automated high-confidence match
Pennsylvania__Freedom_Transit__mdb_tld-4134,30111,Automated high-confidence match
Pennsylvania__Hazleton_Public_Transit__mdb_tld-4665,30093,Automated high-confidence match
Pennsylvania__Indiana_County_Transit_Authority__mdb_tld-4661,30177,Automated high-confidence match
Pennsylvania__Lebanon_Transit__mdb_tld-5531,30095,Automated high-confidence match
Pennsylvania__Lehigh_and_Northampton_Transportation_Authority_(LANTA)__mdb_ntd-30010,30010,Automated high-confidence match
Pennsylvania__Lower_Anthracite_Transit_System__mdb_tld-7023,31044,Confirmed manual review
Pennsylvania__Luzerne_County_Transportation_Authority__mdb_tld-4555,30015,Automated high-confidence match
Pennsylvania__Mid_Mon_Valley_Transit_Authority__mdb_tld-5503,30061,Automated high-confidence match
Pennsylvania__Monroe_County_Transportation_Authority_(MCTA)__mdb_mdb-3460,30137,Automated high-confidence match
Pennsylvania__New_Castle_Area_Transit_Authority__mdb_tld-7030,30151,Automated high-confidence match
Pennsylvania__PATCO_Speedline__mdb_mdb-3035,31041,Confirmed manual review
Pennsylvania__PHLASH__mdb_mdb-2877,30019,Confirmed manual review
Pennsylvania__Port_Authority_of_Allegheny_County__mdb_mdb-409,30022,Automated high-confidence match
Pennsylvania__Pottstown_Area_Rapid_Transit__mdb_tld-7025,30077,Automated high-confidence match
Pennsylvania__Red_Rose_Transit_Authority_(RRTA)__mdb_mdb-2000,31041,Confirmed manual review
Pennsylvania__River_Valley_Transit__mdb_tld-4548,30207,Confirmed manual review
Pennsylvania__Schuylkill_Transportation_System__mdb_tld-4688,30127,Automated high-confidence match
Pennsylvania__Shenango_Valley_Shuttle_Service__mdb_tld-4663,30055,Automated high-confidence match
Pennsylvania__Trans-Bridge_Lines__mdb_ntd-20169,20169,Automated high-confidence match
Pennsylvania__Transit_Authority_of_Warren_County__mdb_ntd-30124,30124,Automated high-confidence match
Pennsylvania__Transportation_Management_Association_of_Chester_County_(TMACC)__mdb_mdb-3130,31043,Confirmed manual review
Pennsylvania__Upper_Merion_Rambler__mdb_mdb-3036,30207,Confirmed manual review
Pennsylvania__Westmoreland_County_Transit_Authority__mdb_tld-6785,30044,Automated high-confidence match
Puerto_Rico__Municipality_of_Bayamon__mdb_ntd-40137,40137,Automated high-confidence match
Puerto_Rico__Municipality_of_Vega_Baja__mdb_ntd-40117,40117,Confirmed manual review
South_Carolina__Charleston_Area_Regional_Transportation_Authority_(CARTA)__mdb_mdb-352,40110,Automated high-confidence match
South_Carolina__Fort_Sumter_and_Fort_Moultrie_National_Historical_Park__mdb_tld-6906,44907,Confirmed manual review
South_Carolina__Greenlink__mdb_tld-490,40053,Automated high-confidence match
South_Carolina__My_Ride_Rock_Hill__mdb_tld-6741,40270,Automated high-confidence match
South_Carolina__Pee_Dee_Regional_Transportation_Authority__mdb_ntd-40056,40056,Automated high-confidence match
South_Carolina__The_Comet__mdb_mdb-2209,40141,Automated high-confidence match
South_Carolina__TriCounty_Link__mdb_ntd-40206,40206,Automated high-confidence match
Tennessee__Bristol_Virginia_Transit__mdb_mdb-238,40954,Confirmed manual review
Tennessee__Chattanooga_Area_Regional_Transportation_Authority_(CARTA)__mdb_mdb-3474,40001,Automated high-confidence match
Tennessee__City_of_Bristol_Tennessee__mdb_ntd-40055,40055,Automated high-confidence match
Tennessee__City_of_Gatlinburg_Trolley__mdb_tld-6775,41102,Automated high-confidence match
Tennessee__City_of_Kingsport__mdb_ntd-40080,40080,Automated high-confidence match
Tennessee__City_of_Pigeon_Forge__mdb_ntd-41136,41136,Automated high-confidence match
Tennessee__Cleveland_Urban_Area_Transit_System__mdb_tld-7827,40170,Automated high-confidence match
Tennessee__Franklin_Transit_Authority__mdb_mdb-361,40162,Automated high-confidence match
Tennessee__Jackson_Transit_Authority__mdb_mdb-2313,40057,Automated high-confidence match
Tennessee__Johnson_City__mdb_ntd-40054,40054,Automated high-confidence match
Tennessee__Knoxville_Area_Transit_(KAT)__mdb_mdb-1121,40002,Confirmed manual review
Tennessee__Nashville_MTA_WeGo_Public_Transit__mdb_mdb-360,40159,Confirmed manual review
Texas__Brownsville_Metro__mdb_tld-7927,60014,Automated high-confidence match
Texas__Capital_Metro__mdb_mdb-150,60048,Automated high-confidence match
Texas__Citibus__mdb_mdb-569,60010,Automated high-confidence match
Texas__City_of_Longview__mdb_ntd-60081,60081,Automated high-confidence match
Texas__City_of_Tyler__mdb_ntd-60089,60089,Automated high-confidence match
Texas__Dallas_Area_Rapid_Transit_(DART)__mdb_mdb-152,60056,Automated high-confidence match
Texas__EZ_Rider__mdb_mdb-2634,60097,Automated high-confidence match
Texas__El_Metro_Transit__mdb_tld-7038,60048,Confirmed manual review
Texas__El_Paso_Transportation_Authority__mdb_mdb-3419,60179,Automated high-confidence match
"Texas__Fort_Bend_County,_Texas__mdb_ntd-60103",60103,Automated high-confidence match
Texas__Galveston_Island_Transit__mdb_mdb-2861,60015,Automated high-confidence match
Texas__METRO_Houston__mdb_mdb-2060,60108,Confirmed manual review
Texas__McKinney_Avenue_Transit_Authority__mdb_ntd-60133,60133,Automated high-confidence match
Texas__Metro_McAllen__mdb_ntd-60099,60099,Automated high-confidence match
Texas__Midland-Odessa_Urban_Transit_District__mdb_ntd-60097,60097,Automated high-confidence match
Texas__STAR_Transit__mdb_mdb-153,60114,Automated high-confidence match
Texas__Texarkana_Urban_Transit_District_(T-Line_Bus)__mdb_ntd-60093,60093,Automated high-confidence match
Texas__VIA_Metropolitan_Transit__mdb_tld-217,60011,Automated high-confidence match
United_States_Virgin_Islands__Virgin_Island_Transit_(VITran)__mdb_ntd-40188,40188,Automated high-confidence match
Utah__Bryce_Canyon_National_Park_Shuttle__mdb_tld-6675,88233,Confirmed manual review
Utah__Cache_Valley_Transit_District__mdb_ntd-80028,80028,Automated high-confidence match
Utah__High_Valley_Transit__mdb_tld-7037,88239,Automated high-confidence match
Utah__SunTran_Utah__mdb_mdb-111,80026,Confirmed manual review
Utah__Utah_Transit_Authority_(UTA)__mdb_mdb-170,80001,Automated high-confidence match
Utah__Ute_Tribe_Public_Transit__mdb_ntd-88200,88200,Automated high-confidence match
Utah__Zion_National_Park__mdb_tld-6682,88233,Confirmed manual review
Vermont__Amtrak_Vermonter__mdb_mdb-2297,55463,Confirmed manual review
Vermont__Chittenden_County_Transportation_Authority_(CCTA)__mdb_mdb-629,10066,Automated high-confidence match
Vermont__Marble_Valley_Regional_Transit_District_(MVRTD)__mdb_mdb-2831,10154,Automated high-confidence match
Vermont__Marble_Valley_Regional_Transit_District_(MVRTD)__mdb_mdb-430,10154,Automated high-confidence match
Vermont__Rockingham_MOOver__mdb_mdb-2194,40929,Confirmed manual review
Vermont__Rural_Community_Transportation_(RCT)__mdb_mdb-2882,10148,Automated high-confidence match
Vermont__VTrans__mdb_mdb-2884,10143,Confirmed manual review
Vermont__Vermont_Translines__mdb_mdb-450,11158,Automated high-confidence match
Virginia__Alexandria_DOT__mdb_mdb-2936,30071,Confirmed manual review
Virginia__Alexandria_Transit_Company_(DASH)__mdb_mdb-482,30071,Automated high-confidence match
Virginia__Altavista_Community_Transit_System__mdb_mdb-882,30157,Automated high-confidence match
Virginia__Arlington_Transit__mdb_mdb-485,30080,Automated high-confidence match
Virginia__Bay_Transit__mdb_mdb-224,30172,Automated high-confidence match
Virginia__Bay_Transit__mdb_mdb-2439,30172,Automated high-confidence match
Virginia__Blackstone_Area_Bus_Service__mdb_mdb-235,30184,Automated high-confidence match
Virginia__CORTRAN__mdb_mdb-2435,60024,Confirmed manual review
Virginia__Charlottesville_Area_Transit_(CAT)__mdb_mdb-3493,30036,Automated high-confidence match
Virginia__Danville_Transit__mdb_mdb-2440,30069,Automated high-confidence match
Virginia__Danville_Transit__mdb_tld-4145,30069,Automated high-confidence match
Virginia__Fairfax_CUE_Bus_(CUE)__mdb_mdb-2885,30058,Automated high-confidence match
Virginia__Farmville_Area_Bus__mdb_mdb-461,30165,Automated high-confidence match
Virginia__Four_County_Transit__mdb_mdb-2308,30174,Automated high-confidence match
Virginia__Four_County_Transit__mdb_mdb-2448,30174,Automated high-confidence match
Virginia__Graham_Transit__mdb_mdb-611,30164,Automated high-confidence match
Virginia__Greater_Lynchburg_Transit_Co__mdb_mdb-381,30008,Automated high-confidence match
Virginia__Greensville_Emporia_Transit__mdb_mdb-463,31025,Automated high-confidence match
Virginia__Hampton_Roads_Transit_(HRT)__mdb_mdb-473,30083,Confirmed manual review
Virginia__Jaunt__mdb_mdb-3492,30045,Automated high-confidence match
Virginia__Loudoun_County_Transit__mdb_mdb-1053,30081,Automated high-confidence match
Virginia__Mountain_Empire_Transit__mdb_mdb-2436,31025,Confirmed manual review
Virginia__Mountain_Lynx_Transit__mdb_mdb-334,30123,Automated high-confidence match
Virginia__Petersburg_Area_Transit__mdb_mdb-2441,30009,Automated high-confidence match
Virginia__Petersburg_Area_Transit__mdb_mdb-591,30009,Automated high-confidence match
Virginia__Pony_Express__mdb_mdb-828,30073,Confirmed manual review
Virginia__Potomac_and_Rappahannock_Transportation_Commission_(PRTC)_Omniride__mdb_mdb-1156,30070,Automated high-confidence match
Virginia__Pulaski_Area_Transit_(PAT)__mdb_mdb-2198,30115,Automated high-confidence match
Virginia__RADAR__mdb_mdb-2443,30178,Automated high-confidence match
Virginia__RADAR__mdb_mdb-832,30178,Automated high-confidence match
Virginia__Radford_Transit__mdb_mdb-2415,30200,Automated high-confidence match
Virginia__STAR_Transit__mdb_mdb-2444,30114,Automated high-confidence match
Virginia__STAR_Transit__mdb_mdb-819,30114,Automated high-confidence match
Virginia__Valley_Metro__mdb_mdb-2274,30007,Automated high-confidence match
Virginia__Virginia_Regional_Transit__mdb_mdb-2445,30118,Automated high-confidence match
Virginia__Virginia_Regional_Transit__mdb_mdb-621,30118,Automated high-confidence match
Virginia__Williamsburg_Area_Transit_Authority__mdb_mdb-2438,30076,Automated high-confidence match
Virginia__Williamsburg_Area_Transit_Authority__mdb_mdb-2649,30076,Automated high-confidence match
Virginia__WinTran__mdb_mdb-608,30099,Automated high-confidence match
Washington__Ben_Franklin_Transit__mdb_mdb-2122,00018,Automated high-confidence match
Washington__City_of_Ellensburg_Public_Transit_(Central_Transit)__mdb_mdb-2456,00405,Confirmed manual review
Washington__City_of_Pullman__mdb_ntd-294,00294,Automated high-confidence match
Washington__Clallam_Transit_System__mdb_mdb-279,00303,Automated high-confidence match
Washington__Colville_Confederated_Tribes_Transit__mdb_mdb-2302,00004,Confirmed manual review
Washington__Community_Transit_(CT)__mdb_mdb-287,00029,Confirmed manual review
Washington__Elwha_Transit__mdb_mdb-2307,00405,Confirmed manual review
Washington__Everett_Transit__mdb_mdb-3038,00005,Automated high-confidence match
Washington__Grant_Transit_Authority__mdb_mdb-2309,00309,Automated high-confidence match
Washington__Grays_Harbor_Transit__mdb_mdb-263,00314,Automated high-confidence match
Washington__Guemes_Island_Ferry__mdb_mdb-2310,00103,Confirmed manual review
Washington__Intercity_Transit__mdb_mdb-266,00019,Automated high-confidence match
Washington__Island_Transit__mdb_mdb-280,00298,Confirmed manual review
Washington__Jefferson_Transit_Authority__mdb_mdb-838,00316,Automated high-confidence match
Washington__King_County_Metro__mdb_mdb-1330,00023,Confirmed manual review
Washington__Lady_of_the_Lake__mdb_mdb-2318,00R03,Confirmed manual review
Washington__Lower_Columbia_CAP_(Community_Action_Program)__mdb_mdb-568,00368,Confirmed manual review
Washington__Lummi_Transit__mdb_mdb-2320,00095,Automated high-confidence match
Washington__Makah_Public_Transit__mdb_mdb-2196,00405,Confirmed manual review
Washington__Mason_Transit_Authority__mdb_mdb-264,00315,Automated high-confidence match
"Washington__Metro_Transit,_Intercity_Transit,_City_of_Seattle,_Community_Transit,_Pierce_Transit,_Sound_Transit,_Washington_State_Fe__mdb_mdb-1080",00035,Confirmed manual review
Washington__Mount_Adams_Transportation_Service__mdb_mdb-580,00299,Automated high-confidence match
Washington__Muckleshoot_Tribal_Transit__mdb_mdb-2326,00333,Confirmed manual review
Washington__Pacific_Transit__mdb_mdb-3112,00322,Automated high-confidence match
Washington__Pahto_Public_Passage__mdb_mdb-2331,00111,Automated high-confidence match
Washington__People_for_People_(Community_Connector)__mdb_mdb-271,00297,Confirmed manual review
Washington__Pierce_County_Ferries__mdb_tld-2289,00371,Confirmed manual review
Washington__Pierce_Transit__mdb_mdb-265,00003,Confirmed manual review
Washington__RiverCities_Transit_(RCT)__mdb_mdb-259,00016,Automated high-confidence match
Washington__Rural_Resources_Community_Action__mdb_tld-5751,00286,Automated high-confidence match
Washington__Seattle_Center_Monorail__mdb_tld-2290,00023,Automated high-confidence match
Washington__Skagit_Transit__mdb_tld-5895,00044,Automated high-confidence match
Washington__Skamania_County_Transit__mdb_mdb-262,00371,Confirmed manual review
Washington__Snoqualmie_Valley_Transportation__mdb_mdb-816,00317,Confirmed manual review
Washington__Snow_Goose_Transit__mdb_tld-5754,00405,Confirmed manual review
Washington__Solid_Ground__mdb_tld-5755,88265,Confirmed manual review
"Washington__Sound_Transit,_Metro_Transit,_City_of_Seattle_-_King_County_Metro__mdb_mdb-267",00023,Confirmed manual review
Washington__Sound_Transit__mdb_mdb-268,00040,Confirmed manual review
Washington__Special_Mobility_Services__mdb_tld-5756,00366,Confirmed manual review
Washington__Spokane_Transit_Authority_(STA)__mdb_mdb-290,00002,Confirmed manual review
Washington__Squaxin_Island_Transit__mdb_mdb-2197,00298,Confirmed manual review
Washington__The_Moccasin_Express__mdb_mdb-2325,00207,Automated high-confidence match
Washington__Twin_Transit__mdb_tld-5579,00364,Automated high-confidence match
Washington__Union_Gap__mdb_mdb-277,00405,Confirmed manual review
Washington__Valley_Transit__mdb_tld-820,00064,Automated high-confidence match
Washington__Wahkiakum_on_the_Move__mdb_mdb-249,00371,Automated high-confidence match
Washington__Washington_State_Department_of_Transportation_(WSDOT_Apple_Line)__mdb_mdb-245,00R03,Confirmed manual review
Washington__Washington_State_Ferries__mdb_mdb-1331,00035,Automated high-confidence match
Washington__Washington_State_Ferries__mdb_mdb-283,00035,Automated high-confidence match
Washington__Whatcom_Transportation_Authority__mdb_mdb-284,00021,Automated high-confidence match
Washington__Yakima_Transit__mdb_mdb-276,00006,Automated high-confidence match
Washington__ruralTRANSIT__mdb_mdb-822,00285,Automated high-confidence match
West_Virginia__Country_Roads_Transit__mdb_ntd-30122,30122,Automated high-confidence match
West_Virginia__Eastern_Panhandle_Transit_Authority__mdb_tld-4459,30090,Automated high-confidence match
West_Virginia__Harpers_Ferry_National_Historical_Park__mdb_tld-6678,31015,Confirmed manual review
West_Virginia__Kanawha_Valley_Regional_Transportation_Authority__mdb_tld-5769,30001,Confirmed manual review
West_Virginia__Mountain_Line_Transit_Authority__mdb_mdb-407,30140,Confirmed manual review
West_Virginia__New_River_Transit_Authority__mdb_tld-6713,30199,Automated high-confidence match
West_Virginia__West_Virginia_University_Morgantown_Personal_Rapid_Transit__mdb_tld-7068_1,30107,Automated high-confidence match
Wisconsin__Beloit_Transit_System__mdb_tld-77,50109,Automated high-confidence match
Wisconsin__Central_Transportation__mdb_tld-4757,55416,Confirmed manual review
Wisconsin__Fond_du_Lac_Area_Transit__mdb_tld-7929,55379,Confirmed manual review
Wisconsin__GO_Transit__mdb_mdb-397,50009,Automated high-confidence match
Wisconsin__Janesville_Transit_System__mdb_mdb-393,50108,Automated high-confidence match
Wisconsin__Metro_Ride__mdb_mdb-830,50091,Automated high-confidence match
Wisconsin__Metro_Transit_-_City_of_Madison__mdb_mdb-394,50005,Automated high-confidence match
Wisconsin__Ryde_Racine__mdb_mdb-2246,50006,Automated high-confidence match
Wisconsin__Shoreline_Metro__mdb_mdb-399,50088,Automated high-confidence match
Wisconsin__Valley_Transit_(WI)__mdb_mdb-2069,55366,Confirmed manual review
Wyoming__Southern_Teton_Area_Rapid_Transit_(START_Bus)__mdb_ntd-80188,80188,Automated high-confidence match
Wyoming__Wind_River_Transportation_Authority__mdb_ntd-80121,80121,Automated high-confidence match
