feed_id,source_id,provider,gtfs_agency_names,feed_agency_name,state,decision,best_ntd_id,best_ntd_agency,best_ntd_state,best_score,second_score,margin,match_method
Alabama__City_of_Gadsen__mdb_mdb-2419,mdb-2419,City of Gadsen,,City of Gadsen,AL,manual_review,44919,Poarch Band of Creek Indians,AL,90.5,90.5,0.0,provider_gtfs_filename_state
Alabama__Huntsville_Shuttle__mdb_mdb-2081,mdb-2081,Huntsville Shuttle,AL_Huntsville,Huntsville Shuttle,AL,manual_review,40071,"City of Huntsville, Alabama, dba: Huntsville Transit",AL,91.96,74.23,17.73,provider_gtfs_filename_state
Arizona__Grand_Canyon_National_Park__mdb_mdb-1905,mdb-1905,Grand Canyon National Park,National Park Service,Grand Canyon National Park,AZ,manual_review,99468,Jewish Family Service of San Diego,CA,73.5,73.5,0.0,provider_gtfs_filename_state
Arizona__Valley_Metro_(VM)__mdb_mdb-147,mdb-147,Valley Metro (VM),Valley Metro | Phoenix Sky Harbor International Airport,Valley Metro (VM),AZ,manual_review,90209,"Valley Metro Rail, Inc.",AZ,100.0,100.0,0.0,provider_gtfs_filename_state
Arkansas__Eureka_Springs_Transit__mdb_ntd-60161,ntd-60161,Eureka Springs Transit,,Eureka Springs Transit,AR,manual_review,60257,"Area Agency on Aging of Western Arkansas, Inc., dba: Western Transit System",AR,90.5,90.5,0.0,provider_gtfs_filename_state
California__Amador_Transit__mdb_mdb-92,mdb-92,Amador Transit,Amador Transit,Amador Transit,CA,manual_review,91000,Amador Transit,CA,100.0,100.0,0.0,provider_gtfs_filename_state
California__Amtrak_San_Joaquins__mdb_mdb-2295,mdb-2295,Amtrak San Joaquins,Gold Runner,Amtrak San Joaquins,CA,manual_review,99470,Travelers' Aid Society Of San Diego,CA,90.5,90.5,0.0,provider_gtfs_filename_state
California__Amtrak__mdb_mdb-11,mdb-11,Amtrak,Temporary Amtrak Chartered Vehicle | Roadrunner Shuttle | Via Rail Canada | Route 66 Express | Alvand Transportation | Amtrak Chartered Vehicle | Arrow Trailways | Vegas Airporter | Executive Transportation | Stagecoach Express | Amtrak Chartered Motorcoach | The Lift | Beeline Express | Coach Usa | Shore Line East | Amtrak | Sunway Charters | MARC | FLIX,Amtrak,CA,manual_review,99469,Full Access & Coordinated Transportation Inc.,CA,90.5,90.5,0.0,provider_gtfs_filename_state
California__Anaheim_Resort_Transportation_(ART)__mdb_mdb-100,mdb-100,Anaheim Resort Transportation (ART),,Anaheim Resort Transportation (ART),CA,manual_review,90300,City of Artesia,CA,95.0,90.5,4.5,provider_gtfs_filename_state
California__Bay_Area_Rapid_Transit_(BART)__mdb_mdb-53,mdb-53,Bay Area Rapid Transit (BART),Bay Area Rapid Transit,Bay Area Rapid Transit (BART),CA,manual_review,90003,"San Francisco Bay Area Rapid Transit District, dba: SF BART",CA,100.0,95.0,5.0,provider_gtfs_filename_state
California__Beaumont_Transit__mdb_mdb-106,mdb-106,Beaumont Transit,Beaumont Transit,Beaumont Transit,CA,manual_review,99478,Redwood Coast Transit Authority-Intercity,CA,90.5,90.5,0.0,provider_gtfs_filename_state
California__Blossom_Express__mdb_mdb-236,mdb-236,Blossom Express,Blossom Express,Blossom Express,CA,manual_review,91089,"Tehama County, dba: Tehama Rural Area Express",CA,90.5,90.5,0.0,provider_gtfs_filename_state
California__BurbankBus__mdb_mdb-2149,mdb-2149,BurbankBus,Burbank Bus,BurbankBus,CA,manual_review,99444,"Bob Hope Airport, dba: Hollywood Burbank Airport",CA,90.5,90.5,0.0,provider_gtfs_filename_state
California__Capitol_Corridor_Joint_Powers_Authority_(Capitol_Corridor)__mdb_mdb-74,mdb-74,Capitol Corridor Joint Powers Authority (Capitol Corridor),Capitol Corridor Joint Powers Authority,Capitol Corridor Joint Powers Authority (Capitol Corridor),CA,manual_review,90304,Riverfront Joint Powers Authority,CA,90.5,90.5,0.0,provider_gtfs_filename_state
California__Carson_Transportation_Services__mdb_ntd-90258,ntd-90258,Carson Transportation Services,,Carson Transportation Services,CA,manual_review,91038,"Sierra County, dba: Sierra County Transportation Commission",CA,90.5,90.5,0.0,provider_gtfs_filename_state
California__Catalina_Express__mdb_mdb-299,mdb-299,Catalina Express,Catalina Express,Catalina Express,CA,manual_review,91089,"Tehama County, dba: Tehama Rural Area Express",CA,90.5,90.5,0.0,provider_gtfs_filename_state
California__Chapman_University__mdb_tld-4454,tld-4454,Chapman University,,Chapman University,CA,manual_review,90142,"University of California, Davis, dba: Unitrans",CA,90.5,73.5,17.0,provider_gtfs_filename_state
California__City_of_Banning_Transit__mdb_mdb-220,mdb-220,City of Banning Transit,City of Banning Transit,City of Banning Transit,CA,manual_review,91027,"City of Arvin, dba: Arvin Transit",CA,91.36,91.36,0.0,provider_gtfs_filename_state
California__City_of_Irvine__mdb_tld-6724,tld-6724,City of Irvine,City of Irvine (LAZ Parking),City of Irvine,CA,manual_review,99470,Travelers' Aid Society Of San Diego,CA,90.5,90.5,0.0,provider_gtfs_filename_state
California__Commute.org_San_Mateo_County_Shuttles__mdb_mdb-61,mdb-61,Commute.org San Mateo County Shuttles,,Commute.org San Mateo County Shuttles,CA,manual_review,99451,City of San Fernando,CA,90.5,90.5,0.0,provider_gtfs_filename_state
California__County_Connection_(CCCTA)__mdb_mdb-2421,mdb-2421,County Connection (CCCTA),County Connection,County Connection (CCCTA),CA,manual_review,91005,"Madera County, dba: Madera County Connection",CA,100.0,100.0,0.0,provider_gtfs_filename_state
California__Dana_Point_Trolley__mdb_mdb-2361,mdb-2361,Dana Point Trolley,Dana Point,Dana Point Trolley,CA,manual_review,90131,"City of Scottsdale, dba: Scottsdale Trolley",AZ,73.5,73.5,0.0,provider_gtfs_filename_state
California__Emery_Go-Round__mdb_mdb-2224,mdb-2224,Emery Go-Round,Emery Go-Round,Emery Go-Round,CA,manual_review,88224,"Washakie County Senior Citizens Center, dba: Worland Van-Go Public Transportation",WY,73.5,73.5,0.0,provider_gtfs_filename_state
"California__Eureka_Transit_Service,_Blue_Lake_Rancheria_Transit_System,_Samoa_Transit_System,_Redwood_Transit_System,_Arcata_&_Mad_R__mdb_tld-4798",tld-4798,"Eureka Transit Service, Blue Lake Rancheria Transit System, Samoa Transit System, Redwood Transit System, Arcata & Mad River Transit System",,"Eureka Transit Service, Blue Lake Rancheria Transit System, Samoa Transit System, Redwood Transit System, Arcata & Mad R",CA,manual_review,99292,"Blue Lake Rancheria, dba: Blue Lake Rancheria Transit System",CA,100.0,100.0,0.0,provider_gtfs_filename_state
California__Fresno_State_University__mdb_tld-4461,tld-4461,Fresno State University,,Fresno State University,CA,manual_review,90142,"University of California, Davis, dba: Unitrans",CA,90.5,73.5,17.0,provider_gtfs_filename_state
California__Glenn_Transit_Service__mdb_mdb-3094,mdb-3094,Glenn Transit Service,Glenn Transit Service,Glenn Transit Service,CA,manual_review,91088,"County of Glenn, dba: Glenn Transit Services",CA,95.0,90.5,4.5,provider_gtfs_filename_state
California__Golden_Gate_National_Recreation_Area_(Alcatraz_Island)__mdb_mdb-3208,mdb-3208,Golden Gate National Recreation Area (Alcatraz Island),National Park Service,Golden Gate National Recreation Area (Alcatraz Island),CA,manual_review,99468,Jewish Family Service of San Diego,CA,90.5,90.5,0.0,provider_gtfs_filename_state
California__Guadalupe_Flyer__mdb_mdb-617,mdb-617,Guadalupe Flyer,,Guadalupe Flyer,CA,manual_review,91043,City of Guadalupe,CA,80.0,53.46,26.54,provider_gtfs_filename_state
California__Humboldt_Transit_Authority__mdb_mdb-3032,mdb-3032,Humboldt Transit Authority,Redwood Transit System | Eureka Transit System | Arcata & Mad River Transit System | North State Express: 101 | North State Express: 299 | Southern Humboldt Line,Humboldt Transit Authority,CA,manual_review,99476,Humboldt Transit Authority-Intercity,CA,100.0,100.0,0.0,provider_gtfs_filename_state
California__Kings_Area_Rural_Transit__mdb_mdb-2204,mdb-2204,Kings Area Rural Transit,Kings Area Rural Transit,Kings Area Rural Transit,CA,manual_review,90200,Kings County Area Public Transit Agency,CA,90.71,90.5,0.21,provider_gtfs_filename_state
California__Lake_Transit_Authority_(LTA)__mdb_mdb-68,mdb-68,Lake Transit Authority (LTA),Lake Transit,Lake Transit Authority (LTA),CA,manual_review,99292,"Blue Lake Rancheria, dba: Blue Lake Rancheria Transit System",CA,100.0,100.0,0.0,provider_gtfs_filename_state
California__Lassen_Rural_Bus_(LRB)__mdb_mdb-118,mdb-118,Lassen Rural Bus (LRB),Lassen Rural Bus,Lassen Rural Bus (LRB),CA,manual_review,99423,"City of Glendale, dba: Beeline Bus/Dial-A-Ride",CA,90.5,90.5,0.0,provider_gtfs_filename_state
California__Los_Angeles_County_Department_of_Public_Works_(the_LINK_and_shuttles)__mdb_mdb-28,mdb-28,Los Angeles County Department of Public Works (the LINK and shuttles),LA Go Bus,Los Angeles County Department of Public Works (the LINK and shuttles),CA,manual_review,90279,Los Angeles County,CA,100.0,100.0,0.0,provider_gtfs_filename_state
California__Los_Angeles_County_Metropolitan_Transportation_Authority_(LA_Metro)__mdb_mdb-29,mdb-29,Los Angeles County Metropolitan Transportation Authority (LA Metro),Metro - Los Angeles,Los Angeles County Metropolitan Transportation Authority (LA Metro),CA,manual_review,90279,Los Angeles County,CA,100.0,100.0,0.0,provider_gtfs_filename_state
California__Los_Angeles_County_Metropolitan_Transportation_Authority_(LA_Metro)__mdb_mdb-30,mdb-30,Los Angeles County Metropolitan Transportation Authority (LA Metro),Metro - Los Angeles,Los Angeles County Metropolitan Transportation Authority (LA Metro),CA,manual_review,90279,Los Angeles County,CA,100.0,100.0,0.0,provider_gtfs_filename_state
California__Los_Angeles_County_Shuttles__mdb_tld-1253,tld-1253,Los Angeles County Shuttles,Los Angeles County Shuttles,Los Angeles County Shuttles,CA,manual_review,90279,Los Angeles County,CA,100.0,100.0,0.0,provider_gtfs_filename_state
"California__Los_Angeles_Department_of_Transportation_(LADOT,_DASH,_Commuter_Express)__mdb_mdb-1210",mdb-1210,"Los Angeles Department of Transportation (LADOT, DASH, Commuter Express)",LADOT,"Los Angeles Department of Transportation (LADOT, DASH, Commuter Express)",CA,manual_review,99470,Travelers' Aid Society Of San Diego,CA,90.5,90.5,0.0,provider_gtfs_filename_state
California__MOVE_Stanislaus__mdb_mdb-2174,mdb-2174,MOVE Stanislaus,,MOVE Stanislaus,CA,manual_review,90311,"Stanislaus Council of Governments, dba: StanisCruise",CA,90.5,90.5,0.0,provider_gtfs_filename_state
California__Marin_Transit__mdb_mdb-2937,mdb-2937,Marin Transit,Marin Transit,Marin Transit,CA,manual_review,90299,Sonoma-Marin Area Rail Transit District,CA,100.0,100.0,0.0,provider_gtfs_filename_state
California__Mendocino_Transit_Authority__mdb_mdb-69,mdb-69,Mendocino Transit Authority,Mendocino Transit Authority,Mendocino Transit Authority,CA,manual_review,99477,Mendocino Transit Authority-Intercity,CA,100.0,100.0,0.0,provider_gtfs_filename_state
California__Mission_Bay_Transportation_Management_Association_(TMA)__mdb_mdb-51,mdb-51,Mission Bay Transportation Management Association (TMA),Mission Bay TMA,Mission Bay Transportation Management Association (TMA),CA,manual_review,99358,"Morongo Band of Mission Indians, dba: Morongo Dial- A-Ride",CA,90.5,90.5,0.0,provider_gtfs_filename_state
California__Mission_Viejo__mdb_tld-7930,tld-7930,Mission Viejo,Mission Viejo,Mission Viejo,CA,manual_review,99358,"Morongo Band of Mission Indians, dba: Morongo Dial- A-Ride",CA,90.5,73.5,17.0,provider_gtfs_filename_state
California__Mountain_View_Community_Shuttle__mdb_mdb-2883,mdb-2883,Mountain View Community Shuttle,Mountain View Community Shuttle,Mountain View Community Shuttle,CA,manual_review,99462,"Saguaro Foundation Community Living Programs, dba: Saguaro Foundation",AZ,73.5,73.5,0.0,provider_gtfs_filename_state
California__Mountain_View_Transportation_Management_Association_(MVgo)__mdb_mdb-2880,mdb-2880,Mountain View Transportation Management Association (MVgo),MVgo,Mountain View Transportation Management Association (MVgo),CA,manual_review,90314,Attentive Transportation LLC,CA,90.5,90.5,0.0,provider_gtfs_filename_state
California__North_Lake_Tahoe_Express__mdb_mdb-2328,mdb-2328,North Lake Tahoe Express,North Lake Tahoe Express - 24 hour advance reservations required,North Lake Tahoe Express,CA,manual_review,99364,"North Fork Rancheria of Mono Indians of California, dba: NFR Tranportation",CA,90.5,90.5,0.0,provider_gtfs_filename_state
California__Plumas_Transit__mdb_mdb-119,mdb-119,Plumas Transit,Plumas Transit,Plumas Transit,CA,manual_review,99478,Redwood Coast Transit Authority-Intercity,CA,90.5,90.5,0.0,provider_gtfs_filename_state
California__Roseville_Transit__mdb_mdb-1067,mdb-1067,Roseville Transit,Roseville Transit,Roseville Transit,CA,manual_review,99478,Redwood Coast Transit Authority-Intercity,CA,90.5,90.5,0.0,provider_gtfs_filename_state
California__San_Clemente_Trolley__mdb_mdb-2362,mdb-2362,San Clemente Trolley,SC Trolley,San Clemente Trolley,CA,manual_review,99470,Travelers' Aid Society Of San Diego,CA,90.5,90.5,0.0,provider_gtfs_filename_state
California__San_Juan_Capistrano_Free_Weekend_Trolley__mdb_mdb-2235,mdb-2235,San Juan Capistrano Free Weekend Trolley,San Juan Capistrano,San Juan Capistrano Free Weekend Trolley,CA,manual_review,99470,Travelers' Aid Society Of San Diego,CA,90.5,90.5,0.0,provider_gtfs_filename_state
California__Santa_Barbara_Metropolitan_Transit_District_(MTD)__mdb_mdb-1246,mdb-1246,Santa Barbara Metropolitan Transit District (MTD),SBMTD,Santa Barbara Metropolitan Transit District (MTD),CA,manual_review,90020,Santa Barbara Metropolitan Transit District,CA,100.0,93.37,6.63,provider_gtfs_filename_state
California__Santa_Maria_Area_Transit__mdb_mdb-2272,mdb-2272,Santa Maria Area Transit,Santa Maria Regional Transit (Home),Santa Maria Area Transit,CA,manual_review,90087,"City of Santa Maria, dba: Santa Maria Regional Transit",CA,96.23,90.5,5.73,provider_gtfs_filename_state
California__Santa_Ynez_Valley_Transit__mdb_mdb-813,mdb-813,Santa Ynez Valley Transit,Santa Ynez Valley Transit,Santa Ynez Valley Transit,CA,manual_review,91028,"City of Solvang, dba: Santa Ynez Valley Transit",CA,100.0,93.89,6.11,provider_gtfs_filename_state
California__Santa_Ynez_Valley_Transit__mdb_tld-1301,tld-1301,Santa Ynez Valley Transit,Santa Ynez Valley Transit,Santa Ynez Valley Transit,CA,manual_review,91028,"City of Solvang, dba: Santa Ynez Valley Transit",CA,100.0,93.89,6.11,provider_gtfs_filename_state
California__Stanford_Marguerite_Shuttle_(SMS)__mdb_mdb-59,mdb-59,Stanford Marguerite Shuttle (SMS),Stanford Marguerite Shuttle,Stanford Marguerite Shuttle (SMS),CA,manual_review,90191,"Town of Oro Valley, dba: Sun Shuttle Dial-A-Ride",AZ,73.5,73.5,0.0,provider_gtfs_filename_state
"California__Tahoe_Area_Regional_Transit_(TART),_North_Lake_Tahoe_Express__mdb_mdb-94",mdb-94,"Tahoe Area Regional Transit (TART), North Lake Tahoe Express",Tahoe Truckee Area Regional Transit,"Tahoe Area Regional Transit (TART), North Lake Tahoe Express",CA,manual_review,91101,"Town of Truckee, dba: Truckee TART",CA,100.0,100.0,0.0,provider_gtfs_filename_state
California__Tahoe_Transportation_District__mdb_mdb-897,mdb-897,Tahoe Transportation District,Tahoe Transportation District,Tahoe Transportation District,CA,manual_review,99478,Redwood Coast Transit Authority-Intercity,CA,90.5,90.5,0.0,provider_gtfs_filename_state
California__Tulare_County_Area_Transit_(TCAT)__mdb_mdb-646,mdb-646,Tulare County Area Transit (TCAT),Tulare County Regional Transit Agency,Tulare County Area Transit (TCAT),CA,manual_review,91055,Tulare County Area Transit,CA,100.0,100.0,0.0,provider_gtfs_filename_state
California__VINE_Transit__mdb_mdb-1288,mdb-1288,VINE Transit,VINE Transit,VINE Transit,CA,manual_review,91027,"City of Arvin, dba: Arvin Transit",CA,91.09,90.5,0.59,provider_gtfs_filename_state
California__Ventura_County_Transportation_Commission__mdb_mdb-3096,mdb-3096,Ventura County Transportation Commission,VCTC Intercity,Ventura County Transportation Commission,CA,manual_review,90164,Ventura County Transportation Commission,CA,100.0,96.14,3.86,provider_gtfs_filename_state
California__West_Berkeley_Shuttle__mdb_mdb-2238,mdb-2238,West Berkeley Shuttle,West Berkeley Shuttle,West Berkeley Shuttle,CA,manual_review,90191,"Town of Oro Valley, dba: Sun Shuttle Dial-A-Ride",AZ,73.5,73.5,0.0,provider_gtfs_filename_state
California__Yosemite_National_Park__mdb_tld-6679,tld-6679,Yosemite National Park,National Park Service,Yosemite National Park,CA,manual_review,99468,Jewish Family Service of San Diego,CA,90.5,90.5,0.0,provider_gtfs_filename_state
California__Yosemite_National_Park__mdb_tld-6681,tld-6681,Yosemite National Park,National Park Service,Yosemite National Park,CA,manual_review,99468,Jewish Family Service of San Diego,CA,90.5,90.5,0.0,provider_gtfs_filename_state
Colorado__Adams_County__mdb_mdb-2156,mdb-2156,Adams County,,Adams County,CO,manual_review,88299,"Clear Creek County, dba: RoundAbout",CO,90.5,90.5,0.0,provider_gtfs_filename_state
Colorado__Baca_Area_Transportation__mdb_mdb-1087,mdb-1087,Baca Area Transportation,Baca Area Transportation,Baca Area Transportation,CO,manual_review,80202,"Town of Berthoud, dba: Berthoud Area Transportation Services",CO,93.37,90.5,2.87,provider_gtfs_filename_state
Colorado__Bent_County_Transportation__mdb_mdb-2157,mdb-2157,Bent County Transportation,,Bent County Transportation,CO,manual_review,88215,"Montrose County Senior Citizens Transportation, Inc., dba: All Points Transit",CO,94.36,94.36,0.0,provider_gtfs_filename_state
Colorado__Blackhawk_and_Central_City_Tramway__mdb_mdb-2041,mdb-2041,Blackhawk and Central City Tramway,Blackhawk and Central City Tramway,Blackhawk and Central City Tramway,CO,manual_review,80119,"City of Black Hawk, dba: The Black Hawk & Central City Tramway",CO,94.47,90.5,3.97,provider_gtfs_filename_state
Colorado__Blackhawk_and_Central_City_Tramway__mdb_mdb-234,mdb-234,Blackhawk and Central City Tramway,Blackhawk and Central City Tramway,Blackhawk and Central City Tramway,CO,manual_review,80119,"City of Black Hawk, dba: The Black Hawk & Central City Tramway",CO,94.47,90.5,3.97,provider_gtfs_filename_state
Colorado__Bustang_Outrider__mdb_mdb-2330,mdb-2330,Bustang Outrider,Bustang Outrider,Bustang Outrider,CO,manual_review,88300,"Ace Express Coaches, LLC, dba: Bustang",CO,90.5,82.78,7.72,provider_gtfs_filename_state
Colorado__City_of_Fountain_Transit__mdb_mdb-309,mdb-309,City of Fountain Transit,City of Fountain Transit,City of Fountain Transit,CO,manual_review,88287,City of Aspen,CO,90.5,90.5,0.0,provider_gtfs_filename_state
Colorado__Clear_Creek_County_Transit__mdb_mdb-313,mdb-313,Clear Creek County Transit,Clear Creek County Transit,Clear Creek County Transit,CO,manual_review,88290,La Plata County,CO,90.5,90.5,0.0,provider_gtfs_filename_state
Colorado__Colorado_School_Of_Mines__mdb_mdb-2413,mdb-2413,Colorado School Of Mines,City of Golden,Colorado School Of Mines,CO,manual_review,80274,"Canon City Golden Age Council, Inc, dba: Fremont County Transit",CO,93.0,90.5,2.5,provider_gtfs_filename_state
Colorado__Cripple_Creek_Transportation__mdb_mdb-2042,mdb-2042,Cripple Creek Transportation,Cripple Creek Transportation,Cripple Creek Transportation,CO,manual_review,88294,"San Miguel Authority for Regional Transportation, dba: SMART",CO,90.5,90.5,0.0,provider_gtfs_filename_state
Colorado__Cripple_Creek_Transportation__mdb_mdb-317,mdb-317,Cripple Creek Transportation,Cripple Creek Transportation,Cripple Creek Transportation,CO,manual_review,88294,"San Miguel Authority for Regional Transportation, dba: SMART",CO,90.5,90.5,0.0,provider_gtfs_filename_state
Colorado__Discover_Goodwill__mdb_mdb-2043,mdb-2043,Discover Goodwill,,Discover Goodwill,CO,manual_review,55447,"Goodwill Industries of West Michigan, Inc.",MI,73.5,73.5,0.0,provider_gtfs_filename_state
Colorado__Easy_Ride_Transportation__mdb_mdb-1195,mdb-1195,Easy Ride Transportation,,Easy Ride Transportation,CO,manual_review,88294,"San Miguel Authority for Regional Transportation, dba: SMART",CO,90.5,90.5,0.0,provider_gtfs_filename_state
Colorado__Estes_Transit__mdb_mdb-2047,mdb-2047,Estes Transit,Estes Transit,Estes Transit,CO,manual_review,88305,"Eagle Valley Transportation Authority, dba: Core Transit",CO,90.5,90.5,0.0,provider_gtfs_filename_state
Colorado__Estes_Transit__mdb_mdb-459,mdb-459,Estes Transit,Estes Transit,Estes Transit,CO,manual_review,88305,"Eagle Valley Transportation Authority, dba: Core Transit",CO,90.5,90.5,0.0,provider_gtfs_filename_state
Colorado__Greeley-Evans_Transit_(GET)__mdb_mdb-2076,mdb-2076,Greeley-Evans Transit (GET),Gallop,Greeley-Evans Transit (GET),CO,manual_review,80010,"Greeley, City Of, dba: Greeley Evans Transit",CO,96.3,95.0,1.3,provider_gtfs_filename_state
Colorado__Home_James__mdb_mdb-607,mdb-607,Home James,Home James,Home James,CO,manual_review,80124,"James River Senior Citizens Center, Inc., dba: JRSC Center & Public Transit",ND,73.5,73.5,0.0,provider_gtfs_filename_state
Colorado__Kiowa_County_Transit__mdb_mdb-2169,mdb-2169,Kiowa County Transit,Kiowa County Transit,Kiowa County Transit,CO,manual_review,88305,"Eagle Valley Transportation Authority, dba: Core Transit",CO,90.5,90.5,0.0,provider_gtfs_filename_state
Colorado__Mountain_Express__mdb_mdb-2294,mdb-2294,Mountain Express,,Mountain Express,CO,manual_review,80280,"Archuleta County, dba: Mountain Express Transit",CO,100.0,100.0,0.0,provider_gtfs_filename_state
Colorado__Outback_Express__mdb_mdb-2306,mdb-2306,Outback Express,Outback Express,Outback Express,CO,manual_review,80179,"City of Burlington, dba: Outback Express",CO,100.0,100.0,0.0,provider_gtfs_filename_state
Colorado__Parachute_Area_Transit_System__mdb_tld-5746,tld-5746,Parachute Area Transit System,Parachute Area Transit System,Parachute Area Transit System,CO,manual_review,88215,"Montrose County Senior Citizens Transportation, Inc., dba: All Points Transit",CO,90.5,90.5,0.0,provider_gtfs_filename_state
Colorado__Prairie_Express_Transit__mdb_mdb-801,mdb-801,Prairie Express Transit,Prairie Express Transit,Prairie Express Transit,CO,manual_review,88230,"Teller Senior Coalition, dba: TSC Transit",CO,90.5,90.5,0.0,provider_gtfs_filename_state
Colorado__Regional_Transportation_District_(RTD)__mdb_mdb-2280,mdb-2280,Regional Transportation District (RTD),Colorado Department of Transportation,Regional Transportation District (RTD),CO,manual_review,80006,"Denver Regional Transportation District, dba: RTD-Denver",CO,100.0,100.0,0.0,provider_gtfs_filename_state
Colorado__Rocky_Mountain_National_Park_Shuttles__mdb_mdb-176,mdb-176,Rocky Mountain National Park Shuttles,Rocky Mountain National Park Shuttles,Rocky Mountain National Park Shuttles,CO,manual_review,88286,"Mountain Family Center, dba: Grand Seniors Transportation Program",CO,90.5,90.5,0.0,provider_gtfs_filename_state
Colorado__Rocky_Mountain_National_Park__mdb_mdb-3211,mdb-3211,Rocky Mountain National Park,Rocky Mountain National Park Shuttles,Rocky Mountain National Park,CO,manual_review,88286,"Mountain Family Center, dba: Grand Seniors Transportation Program",CO,90.5,90.5,0.0,provider_gtfs_filename_state
Colorado__San_Miguel_County__mdb_mdb-2195,mdb-2195,San Miguel County,Town of Mountain Village | Town of Telluride | SMART,San Miguel County,CO,manual_review,88294,"San Miguel Authority for Regional Transportation, dba: SMART",CO,100.0,100.0,0.0,provider_gtfs_filename_state
Colorado__South_Central_Council_of_Governments_(SCCOG)__mdb_mdb-2181,mdb-2181,South Central Council of Governments (SCCOG),SCCOG Transit,South Central Council of Governments (SCCOG),CO,manual_review,80227,"Huerfano/Las Animas Area Council of Governments, dba: South Central Council of Governments",CO,97.31,90.5,6.81,provider_gtfs_filename_state
Colorado__Southwest_Rides__mdb_mdb-2184,mdb-2184,Southwest Rides,,Southwest Rides,CO,manual_review,88280,"City of Lakewood, dba: Lakewood Rides",CO,90.5,73.5,17.0,provider_gtfs_filename_state
Colorado__Town_of_Telluride__mdb_mdb-2050,mdb-2050,Town of Telluride,Town of Mountain Village | Town of Telluride | SMART,Town of Telluride,CO,manual_review,88294,"San Miguel Authority for Regional Transportation, dba: SMART",CO,100.0,100.0,0.0,provider_gtfs_filename_state
Colorado__University_of_Colorado_Boulder__mdb_mdb-181,mdb-181,University of Colorado Boulder,University of Colorado Boulder,University of Colorado Boulder,CO,manual_review,88287,City of Aspen,CO,90.5,90.5,0.0,provider_gtfs_filename_state
Colorado__Upper_Arkansas_Area_Council_of_Governments__mdb_mdb-2188,mdb-2188,Upper Arkansas Area Council of Governments,Fremont County Transit | Wet Mountain Valley Rotary Van Service,Upper Arkansas Area Council of Governments,CO,manual_review,80274,"Canon City Golden Age Council, Inc, dba: Fremont County Transit",CO,100.0,100.0,0.0,provider_gtfs_filename_state
Connecticut__Connecticut_Transit__mdb_mdb-553,mdb-553,Connecticut Transit,CTtransit | CTTransit - New Britain | CTTransit - Waterbury-Meriden | CTTransit- New Haven | CTTransit- Hartford | CTTransit- Stamford,Connecticut Transit,CT,manual_review,10156,Northeastern Connecticut Transit District,CT,100.0,100.0,0.0,provider_gtfs_filename_state
Connecticut__Metro-North_Railroad__mdb_mdb-524,mdb-524,Metro-North Railroad,Metro-North Railroad,Metro-North Railroad,CT,manual_review,20078,"Metro-North Commuter Railroad Company, dba: MTA Metro-North Railroad",NY,88.0,73.5,14.5,provider_gtfs_filename_state
Connecticut__Middletown_Area_Transit_(MAT)__mdb_mdb-551,mdb-551,Middletown Area Transit (MAT),River Valley Transit,Middletown Area Transit (MAT),CT,manual_review,10140,"Estuary Transit District, dba: River Valley Transit",CT,100.0,100.0,0.0,provider_gtfs_filename_state
Connecticut__River_Valley_Transit__mdb_tld-5750,tld-5750,River Valley Transit,River Valley Transit,River Valley Transit,CT,manual_review,10140,"Estuary Transit District, dba: River Valley Transit",CT,100.0,100.0,0.0,provider_gtfs_filename_state
Connecticut__University_of_Connecticut_(UCONN___WRTD)__mdb_tld-4473,tld-4473,University of Connecticut (UCONN / WRTD),University of Connecticut (UCONN / WRTD),University of Connecticut (UCONN,CT,manual_review,11217,Town of Cheshire,CT,90.5,90.5,0.0,provider_gtfs_filename_state
Delaware__Delaware_Transit_Corporation_(DART_First_State)__mdb_mdb-1235,mdb-1235,Delaware Transit Corporation (DART First State),Dart First State,Delaware Transit Corporation (DART First State),DE,manual_review,30075,Delaware Transit Corporation,DE,100.0,100.0,0.0,provider_gtfs_filename_state
Delaware__Southeastern_Pennsylvania_Transportation_Authority_(SEPTA)__mdb_mdb-502,mdb-502,Southeastern Pennsylvania Transportation Authority (SEPTA),SEPTA,Southeastern Pennsylvania Transportation Authority (SEPTA),DE,manual_review,30075,Delaware Transit Corporation,DE,90.5,90.5,0.0,provider_gtfs_filename_state
Delaware__Southeastern_Pennsylvania_Transportation_Authority_(SEPTA)__mdb_mdb-503,mdb-503,Southeastern Pennsylvania Transportation Authority (SEPTA),SEPTA,Southeastern Pennsylvania Transportation Authority (SEPTA),DE,manual_review,30075,Delaware Transit Corporation,DE,90.5,90.5,0.0,provider_gtfs_filename_state
District_of_Columbia__Fairfax_Connector__mdb_mdb-483,mdb-483,Fairfax Connector,Fairfax Connector,Fairfax Connector,DC,manual_review,30068,"Fairfax County, VA, dba: Fairfax Connector Bus System",VA,88.0,73.5,14.5,provider_gtfs_filename_state
District_of_Columbia__Maryland_Transit_Administration__mdb_mdb-467,mdb-467,Maryland Transit Administration,Maryland Transit Administration,Maryland Transit Administration,DC,manual_review,30034,"Maryland Transit Administration, dba: MTA",MD,88.0,73.5,14.5,provider_gtfs_filename_state
District_of_Columbia__Maryland_Transit_Administration__mdb_mdb-468,mdb-468,Maryland Transit Administration,Maryland Transit Administration,Maryland Transit Administration,DC,manual_review,30034,"Maryland Transit Administration, dba: MTA",MD,88.0,73.5,14.5,provider_gtfs_filename_state
District_of_Columbia__Virginia_Breeze__mdb_mdb-3506,mdb-3506,Virginia Breeze,"Virginia Breeze, Operated by Academy | Virginia Breeze, Operated by Dillon's",Virginia Breeze,DC,manual_review,31026,"Dillion's Bus Service, Inc., dba: Virginia Breeze Bus",MD,88.0,73.5,14.5,provider_gtfs_filename_state
District_of_Columbia__Virginia_Railway_Express__mdb_tld-61,tld-61,Virginia Railway Express,Virginia Railway Express,Virginia Railway Express,DC,manual_review,30073,Virginia Railway Express,VA,88.0,73.5,14.5,provider_gtfs_filename_state
Florida__Brightline_Trains_LLC__mdb_mdb-1126,mdb-1126,Brightline Trains LLC,Brightline | Event Train,Brightline Trains LLC,FL,manual_review,41095,Florida Department of Transportation,FL,70.45,70.45,0.0,provider_gtfs_filename_state
Florida__City_of_Miami_Beach__mdb_mdb-2322,mdb-2322,City of Miami Beach,City of Miami Beach,City of Miami Beach,FL,manual_review,41199,"Board of County Commissioners of St. Lucie County, dba: Area Regional Transit",FL,90.5,90.5,0.0,provider_gtfs_filename_state
Florida__City_of_Miami_Gardens__mdb_mdb-2323,mdb-2323,City of Miami Gardens,City of Miami Gardens,City of Miami Gardens,FL,manual_review,41199,"Board of County Commissioners of St. Lucie County, dba: Area Regional Transit",FL,90.5,90.5,0.0,provider_gtfs_filename_state
Florida__Collier_Area_Transit_(CAT)__mdb_mdb-2259,mdb-2259,Collier Area Transit (CAT),CAT,Collier Area Transit (CAT),FL,manual_review,40140,"Collier County, dba: Collier Area Transit",FL,95.91,90.5,5.41,provider_gtfs_filename_state
Florida__Dry_Tortugas_National_Park__mdb_mdb-3207,mdb-3207,Dry Tortugas National Park,National Park Service,Dry Tortugas National Park,FL,manual_review,40261,"City of Dania Beach, dba: Community Bus Service",FL,90.5,73.5,17.0,provider_gtfs_filename_state
Florida__Florida_Department_of_Transportation_(SunRail)__mdb_mdb-626,mdb-626,Florida Department of Transportation (SunRail),Florida Department of Transportation,Florida Department of Transportation (SunRail),FL,manual_review,41095,Florida Department of Transportation,FL,100.0,100.0,0.0,provider_gtfs_filename_state
Florida__Fort_Matanzas_National_Monument__mdb_tld-6905,tld-6905,Fort Matanzas National Monument,National Park Service,Fort Matanzas National Monument,FL,manual_review,40261,"City of Dania Beach, dba: Community Bus Service",FL,90.5,73.5,17.0,provider_gtfs_filename_state
Florida__Gulf_Islands_National_Seashore__mdb_mdb-3209,mdb-3209,Gulf Islands National Seashore,National Park Service,Gulf Islands National Seashore,FL,manual_review,40261,"City of Dania Beach, dba: Community Bus Service",FL,90.5,73.5,17.0,provider_gtfs_filename_state
Florida__Hendry_County_Transit_System__mdb_tld-7914,tld-7914,Hendry County Transit System,Hendry County Transit System,Hendry County Transit System,FL,manual_review,41199,"Board of County Commissioners of St. Lucie County, dba: Area Regional Transit",FL,90.5,90.5,0.0,provider_gtfs_filename_state
Florida__I-RIDE_Trolley_(I-RIDE)__mdb_mdb-1143,mdb-1143,I-RIDE Trolley (I-RIDE),I-Ride Trolley,I-RIDE Trolley (I-RIDE),FL,manual_review,40920,Ride Solution,FL,90.5,88.0,2.5,provider_gtfs_filename_state
Florida__Indian_River_Transit__mdb_ntd-40104,ntd-40104,Indian River Transit,,Indian River Transit,FL,manual_review,41199,"Board of County Commissioners of St. Lucie County, dba: Area Regional Transit",FL,90.5,90.5,0.0,provider_gtfs_filename_state
Florida__LauderGO!_Water_Trolley__mdb_ntd-44929,ntd-44929,LauderGO! Water Trolley,,LauderGO! Water Trolley,FL,manual_review,90225,"San Francisco Bay Area Water Emergency Transportation Authority, dba: San Francisco Bay Ferry",CA,73.5,73.5,0.0,provider_gtfs_filename_state
Florida__Miami-Dade_Transit__mdb_mdb-331,mdb-331,Miami-Dade Transit,Miami-Dade Transit,Miami-Dade Transit,FL,manual_review,41199,"Board of County Commissioners of St. Lucie County, dba: Area Regional Transit",FL,90.5,90.5,0.0,provider_gtfs_filename_state
Florida__National_Park_Service__mdb_tld-6676,tld-6676,National Park Service,National Park Service,National Park Service,FL,manual_review,40261,"City of Dania Beach, dba: Community Bus Service",FL,90.5,73.5,17.0,provider_gtfs_filename_state
Florida__Pasco_County_Public_Transportation__mdb_mdb-340,mdb-340,Pasco County Public Transportation,,Pasco County Public Transportation,FL,manual_review,41199,"Board of County Commissioners of St. Lucie County, dba: Area Regional Transit",FL,90.5,90.5,0.0,provider_gtfs_filename_state
Florida__USF_Bull_Runner__mdb_mdb-329,mdb-329,USF Bull Runner,USF Bull Runner,USF Bull Runner,FL,manual_review,80189,"Southern Colorado Community Action Agency, Inc., dba: Road Runner Transit / Ignacio Senior Center",CO,73.5,49.33,24.17,provider_gtfs_filename_state
Georgia__Concho_Valley_Transit_District__mdb_tld-5864,tld-5864,Concho Valley Transit District,Concho Valley Transit,Concho Valley Transit District,GA,manual_review,44945,"North Georgia Community Action, Inc., dba: Mountain Area Transit System (MATS)",GA,90.5,90.5,0.0,provider_gtfs_filename_state
Georgia__Emory_Hospital_Midtown__mdb_tld-4458,tld-4458,Emory Hospital Midtown,,Emory Hospital Midtown,GA,manual_review,88227,"Memorial Hospital of Laramie County, dba: Cheyenne Regional Medical Center",WY,73.5,73.5,0.0,provider_gtfs_filename_state
Georgia__Georgia_Tech_Stinger_Bus__mdb_tld-478_1,tld-478_1,Georgia Tech Stinger Bus,Georgia Institute of Technology,Georgia Tech Stinger Bus,GA,manual_review,44982,"Southern Georgia Regional Commission, dba: SGRC",GA,90.5,90.5,0.0,provider_gtfs_filename_state
Georgia__METRA__mdb_ntd-40024,ntd-40024,METRA,,METRA,GA,manual_review,50118,"Northeast Illinois Regional Commuter Railroad Corporation, dba: Metra",IL,74.79,73.5,1.29,provider_gtfs_filename_state
Georgia__Rochester_Institute_of_Technology__mdb_tld-5863,tld-5863,Rochester Institute of Technology,Rochester Institute of Technology (RIT),Rochester Institute of Technology,GA,manual_review,41149,City of Americus,GA,90.5,90.5,0.0,provider_gtfs_filename_state
Hawaii__The_Kauai_Bus__mdb_ntd-90237,ntd-90237,The Kauai Bus,,The Kauai Bus,HI,manual_review,90237,"County of Kaua'i, dba: Kaua'i Bus",HI,90.5,73.5,17.0,provider_gtfs_filename_state
Idaho__Silver_Express_Shuttle__mdb_ntd-404,ntd-404,Silver Express Shuttle,,Silver Express Shuttle,ID,manual_review,00135,"Nez Perce Tribe, dba: Appaloosa Express",ID,90.5,73.5,17.0,provider_gtfs_filename_state
Illinois__JAX_Mass_Transit_District__mdb_mdb-3408,mdb-3408,JAX Mass Transit District,JAX Mass Transit,JAX Mass Transit District,IL,manual_review,50414,West Central Mass Transit District,IL,90.71,90.71,0.0,provider_gtfs_filename_state
Illinois__Metra__mdb_mdb-2854,mdb-2854,Metra,,Metra,IL,manual_review,50118,"Northeast Illinois Regional Commuter Railroad Corporation, dba: Metra",IL,91.79,90.5,1.29,provider_gtfs_filename_state
Illinois__Pace_Bus__mdb_mdb-2347,mdb-2347,Pace Bus,PACE,Pace Bus,IL,manual_review,50182,"Pace, the Suburban Bus Division of the Regional Transportation Authority, dba: Pace Suburban Bus",IL,100.0,100.0,0.0,provider_gtfs_filename_state
Illinois__South_Shore_Line__mdb_mdb-585,mdb-585,South Shore Line,Northern Indiana Commuter Transportation District,South Shore Line,IL,manual_review,55307,"Sangamon County, dba: Sangamon/Menard Area Regional Transit",IL,90.5,90.5,0.0,provider_gtfs_filename_state
Illinois__Springfield_Mass_Transit_District_(SMTD)__mdb_mdb-3187,mdb-3187,Springfield Mass Transit District (SMTD),SMTD,Springfield Mass Transit District (SMTD),IL,manual_review,50059,"Springfield Mass Transit District, dba: Sangamon Mass Transit District",IL,95.57,90.5,5.07,provider_gtfs_filename_state
Illinois__University_of_Chicago__mdb_tld-4472,tld-4472,University of Chicago,University of Chicago,University of Chicago,IL,manual_review,50569,Chicago State University,IL,97.31,90.5,6.81,provider_gtfs_filename_state
"Indiana__Central_Indiana_Regional_Transportation_Authority,_Access_Johnson_County__mdb_ntd-50209",ntd-50209,"Central Indiana Regional Transportation Authority, Access Johnson County",,"Central Indiana Regional Transportation Authority, Access Johnson County",IN,manual_review,50256,Access Johnson County,IN,100.0,100.0,0.0,provider_gtfs_filename_state
Indiana__Transit_Authority_of_River_City_(TARC)__mdb_mdb-2662,mdb-2662,Transit Authority of River City (TARC),Transit Authority of River City,Transit Authority of River City (TARC),IN,manual_review,55676,"Adams County Council on Aging, dba: Adams County Public Transit",IN,90.5,90.5,0.0,provider_gtfs_filename_state
Iowa__Clinton_Municipal_Transit_Administration_(Clinton_MTA)__mdb_mdb-202,mdb-202,Clinton Municipal Transit Administration (Clinton MTA),Clinton MTA,Clinton Municipal Transit Administration (Clinton MTA),IA,manual_review,70240,"Regional Transit Authority, dba: Rides",IA,90.5,90.5,0.0,provider_gtfs_filename_state
Iowa__CorridorRides__mdb_mdb-316,mdb-316,CorridorRides,CorridorRides,CorridorRides,IA,manual_review,70138,"East Central Iowa Council of Governments, dba: Corridor Rides",IA,88.08,59.72,28.36,provider_gtfs_filename_state
Iowa__Iowa_City_Transit_System__mdb_mdb-559,mdb-559,Iowa City Transit System,Iowa City Transit System,Iowa City Transit System,IA,manual_review,70018,"City of Iowa City, dba: Iowa City Transit",IA,96.89,93.37,3.52,provider_gtfs_filename_state
Iowa__Mason_City_Public_Transit__mdb_mdb-204,mdb-204,Mason City Public Transit,Mason City Public Transit,Mason City Public Transit,IA,manual_review,70260,"City of Mason City, dba: Mason City Transit",IA,97.31,90.5,6.81,provider_gtfs_filename_state
Kansas__Kansas_City_Area_Transportation_Authority_(KCATA)__mdb_mdb-187,mdb-187,Kansas City Area Transportation Authority (KCATA),Kansas City Area Transportation Authority,Kansas City Area Transportation Authority (KCATA),KS,manual_review,77079,"Northeast Kansas Area Agency on Aging, dba: NEKAAA General Public Transportation",KS,93.37,90.5,2.87,provider_gtfs_filename_state
Kentucky__Blue_Grass_Community_Action_Partnership__mdb_mdb-362,mdb-362,Blue Grass Community Action Partnership,Bluegrass Ride,Blue Grass Community Action Partnership,KY,manual_review,40948,Bluegrass Community Action Agency,KY,90.5,79.67,10.83,provider_gtfs_filename_state
Louisiana__Shreveport_and_Bossier_City__mdb_mdb-1060,mdb-1060,Shreveport and Bossier City,"Shreveport and Bossier City, Louisiana",Shreveport and Bossier City,LA,manual_review,60276,"Plaquemines Port, Harbor and Terminal District",LA,90.5,90.5,0.0,provider_gtfs_filename_state
Maine__Lakes_Region_Explorer__mdb_mdb-452,mdb-452,Lakes Region Explorer,Lakes Region Explorer,Lakes Region Explorer,ME,manual_review,10142,"Aroostook Regional Transportation Systems, Inc., dba: Aroostook Regional Transportation Systems",ME,90.5,73.5,17.0,provider_gtfs_filename_state
Maine__West's_Bus_Service__mdb_tld-7870,tld-7870,West's Bus Service,West's Transportation,West's Bus Service,ME,manual_review,11153,West's Transportation - Intercity Bus,ME,100.0,100.0,0.0,provider_gtfs_filename_state
Maryland__Harbor_Connector__mdb_mdb-618,mdb-618,Harbor Connector,Harbor Connector,Harbor Connector,MD,manual_review,60276,"Plaquemines Port, Harbor and Terminal District",LA,73.5,73.5,0.0,provider_gtfs_filename_state
Maryland__Prince_George's_County_(The_Bus)__mdb_mdb-477,mdb-477,Prince George's County (The Bus),TheBus,Prince George's County (The Bus),MD,manual_review,31026,"Dillion's Bus Service, Inc., dba: Virginia Breeze Bus",MD,90.5,90.5,0.0,provider_gtfs_filename_state
Maryland__Towson_Loop__mdb_mdb-1784,mdb-1784,Towson Loop,Towson Loop (Baltimore County),Towson Loop,MD,manual_review,30186,"The County Commissioners of Caroline County, Maryland, dba: Delmarva Community Transit",MD,90.5,90.5,0.0,provider_gtfs_filename_state
Maryland__rabbittransit__mdb_tld-223,tld-223,rabbittransit,rabbittransit,rabbittransit,MD,manual_review,30206,"Susquehanna Regional Transportation Authority, dba: rabbittransit",PA,88.0,72.5,15.5,provider_gtfs_filename_state
Massachusetts__Block_Island_Ferry__mdb_mdb-554,mdb-554,Block Island Ferry,Block Island Ferry,Block Island Ferry,MA,manual_review,90225,"San Francisco Bay Area Water Emergency Transportation Authority, dba: San Francisco Bay Ferry",CA,73.5,73.5,0.0,provider_gtfs_filename_state
Massachusetts__Blue_Apple_Bus_Company__mdb_mdb-2299,mdb-2299,Blue Apple Bus Company,Blue Apple Bus Company,Blue Apple Bus Company,MA,manual_review,11245,"Pioneer Valley Transit Authority Intercity Bus, dba: Pioneer Valley Transit Authority",MA,90.5,90.5,0.0,provider_gtfs_filename_state
Massachusetts__Boston_Express__mdb_mdb-3033,mdb-3033,Boston Express,,Boston Express,MA,manual_review,10133,"Boston Express Bus, Inc.",NH,88.0,81.15,6.85,provider_gtfs_filename_state
Massachusetts__Boston_Harbor_Island_National_Recreation_Area__mdb_mdb-3416,mdb-3416,Boston Harbor Island National Recreation Area,National Park Service,Boston Harbor Island National Recreation Area,MA,manual_review,10004,Brockton Area Transit Authority,MA,90.5,73.5,17.0,provider_gtfs_filename_state
Massachusetts__Boston_Harbor_Islands_Ferry__mdb_mdb-2679,mdb-2679,Boston Harbor Islands Ferry,National Park Service,Boston Harbor Islands Ferry,MA,manual_review,99468,Jewish Family Service of San Diego,CA,73.5,73.5,0.0,provider_gtfs_filename_state
Massachusetts__Cuttyhunk_Ferry_Company__mdb_mdb-423,mdb-423,Cuttyhunk Ferry Company,Cuttyhunk Ferry Co.,Cuttyhunk Ferry Company,MA,manual_review,10176,Plymouth & Brockton Street Railway Co.,MA,90.5,73.5,17.0,provider_gtfs_filename_state
Massachusetts__Freedom_Cruise_Line__mdb_mdb-425,mdb-425,Freedom Cruise Line,Freedom Cruise Line,Freedom Cruise Line,MA,manual_review,11239,"Hyannis Harbor Tours, Inc., dba: Hy-Line Cruises",MA,90.5,73.5,17.0,provider_gtfs_filename_state
Massachusetts__Green_Mountain_Community_Network_(GMCN)__mdb_mdb-539,mdb-539,Green Mountain Community Network (GMCN),Green Mountain Express,Green Mountain Community Network (GMCN),MA,manual_review,80159,Mountain Express,CO,88.0,88.0,0.0,provider_gtfs_filename_state
Massachusetts__Massachusetts_Bay_Transportation_Authority_(MBTA)__mdb_mdb-437,mdb-437,Massachusetts Bay Transportation Authority (MBTA),Cape Cod Regional Transit Authority | MBTA,Massachusetts Bay Transportation Authority (MBTA),MA,manual_review,10105,Cape Cod Regional Transit Authority,MA,100.0,100.0,0.0,provider_gtfs_filename_state
Massachusetts__Massport__mdb_mdb-441,mdb-441,Massport,Logan Express | Massport,Massport,MA,manual_review,10181,"Town of Lexington, dba: Lexpress",MA,80.0,73.5,6.5,provider_gtfs_filename_state
Massachusetts__Middlesex_3_TMA__mdb_mdb-442,mdb-442,Middlesex 3 TMA,Middlesex 3 TMA,Middlesex 3 TMA,MA,manual_review,60126,Harris County Improvement District Number 3,TX,73.5,73.5,0.0,provider_gtfs_filename_state
Massachusetts__Montachusett_Regional_Transit_Authority_(MART)__mdb_mdb-433,mdb-433,Montachusett Regional Transit Authority (MART),Montachusett Regional Transit Authority (MART),Montachusett Regional Transit Authority (MART),MA,manual_review,10061,Montachusett Regional Transit Authority,MA,100.0,95.0,5.0,provider_gtfs_filename_state
Massachusetts__Rhode_Island_Public_Transit_Authority__mdb_mdb-624,mdb-624,Rhode Island Public Transit Authority,Rhode Island Public Transit Authority,Rhode Island Public Transit Authority,MA,manual_review,11245,"Pioneer Valley Transit Authority Intercity Bus, dba: Pioneer Valley Transit Authority",MA,90.5,90.5,0.0,provider_gtfs_filename_state
Massachusetts__Vineyard_Fast_Ferry__mdb_mdb-419,mdb-419,Vineyard Fast Ferry,Vineyard Fast Ferry,Vineyard Fast Ferry,MA,manual_review,10183,"Woods Hole, Martha's Vineyard and Nantucket Steamship Authority, dba: The Steamship Authority",MA,90.5,73.5,17.0,provider_gtfs_filename_state
Michigan__Capital_Area_Transportation_Authority_(CATA)__mdb_mdb-402,mdb-402,Capital Area Transportation Authority (CATA),Capital Area Transportation Authority,Capital Area Transportation Authority (CATA),MI,manual_review,50036,Capital Area Transportation Authority,MI,100.0,95.0,5.0,provider_gtfs_filename_state
Michigan__Detroit_People_Mover__mdb_mdb-2281,mdb-2281,Detroit People Mover,Detroit Transportation Corporation,Detroit People Mover,MI,manual_review,50141,"Detroit Transportation Corporation, dba: Detroit People Mover",MI,100.0,100.0,0.0,provider_gtfs_filename_state
Michigan__Froggy_Transportation__mdb_mdb-2216,mdb-2216,Froggy Transportation,Froggy Transportation,Froggy Transportation,MI,manual_review,55560,"City of Grosse Pointe Farms, dba: Pointe Area Assisted Transportation Services",MI,90.5,90.5,0.0,provider_gtfs_filename_state
Michigan__Hope_College_Evening_Shuttle__mdb_mdb-3039,mdb-3039,Hope College Evening Shuttle,,Hope College Evening Shuttle,MI,manual_review,55442,"Hope Network, Inc.",MI,90.5,73.5,17.0,provider_gtfs_filename_state
Michigan__Kalamazoo_Metro_Transit__mdb_tld-674,tld-674,Kalamazoo Metro Transit,Kalamazoo,Kalamazoo Metro Transit,MI,manual_review,50029,"Bay Metropolitan Transit Authority, dba: Bay Metro",MI,91.67,90.5,1.17,provider_gtfs_filename_state
Michigan__Mass_Transportation_Authority_Flint__mdb_mdb-2287,mdb-2287,Mass Transportation Authority Flint,Mass Transportation Authority,Mass Transportation Authority Flint,MI,manual_review,50459,Ludington Mass Transportation Authority,MI,100.0,100.0,0.0,provider_gtfs_filename_state
Michigan__The_Rapid__mdb_mdb-400,mdb-400,The Rapid,The Rapid,The Rapid,MI,manual_review,50495,Interurban Transit Authority,MI,100.0,100.0,0.0,provider_gtfs_filename_state
Minnesota__Brown_County_Heartland_Express__mdb_mdb-2037,mdb-2037,Brown County Heartland Express,Brown County Heartland Express,Brown County Heartland Express,MN,manual_review,50384,"Brown County, dba: Brown County Heartland Express",MN,100.0,93.89,6.11,provider_gtfs_filename_state
Minnesota__Brown_County_Heartland_Express__mdb_mdb-2296,mdb-2296,Brown County Heartland Express,Brown County Heartland Express,Brown County Heartland Express,MN,manual_review,50384,"Brown County, dba: Brown County Heartland Express",MN,100.0,93.89,6.11,provider_gtfs_filename_state
Minnesota__Community_Transit__mdb_tld-5761,tld-5761,Community Transit,Community Transit,Community Transit,MN,manual_review,55326,"United Community Action Partnership, Inc., dba: Community Transit",MN,100.0,100.0,0.0,provider_gtfs_filename_state
Minnesota__Metro_Transit__mdb_mdb-205,mdb-205,Metro Transit,Metro Transit | Metro Transit/Met Council | Met Council | Maple Grove | Plymouth | SouthWest Transit | Airport (MAC) | University of Minnesota,Metro Transit,MN,manual_review,50518,SouthWest Transit,MN,100.0,100.0,0.0,provider_gtfs_filename_state
Minnesota__Minnesota_Valley_Transit_Authority_(MVTA)__mdb_mdb-206,mdb-206,Minnesota Valley Transit Authority (MVTA),MVTA,Minnesota Valley Transit Authority (MVTA),MN,manual_review,50519,Minnesota Valley Transit Authority,MN,100.0,95.57,4.43,provider_gtfs_filename_state
Minnesota__SMART__mdb_tld-5753,tld-5753,SMART,SMART,SMART,MN,manual_review,88294,"San Miguel Authority for Regional Transportation, dba: SMART",CO,88.0,88.0,0.0,provider_gtfs_filename_state
Minnesota__St._Cloud_Metropolitan_Transit_Commission__mdb_ntd-50028,ntd-50028,St. Cloud Metropolitan Transit Commission,,St. Cloud Metropolitan Transit Commission,MN,manual_review,50028,"St. Cloud Metropolitan Transit Commission, dba: Metro Bus",MN,100.0,100.0,0.0,provider_gtfs_filename_state
Minnesota__The_Otter_Express__mdb_mdb-2038,mdb-2038,The Otter Express,,The Otter Express,MN,manual_review,55234,"Red Lake Band of the Chippewa, dba: Red Lake Nation Transit",MN,90.5,90.5,0.0,provider_gtfs_filename_state
Mississippi__City_of_Jackson_(JTRAN)__mdb_mdb-2652,mdb-2652,City of Jackson (JTRAN),City of Jackson (JTRAN),City of Jackson (JTRAN),MS,manual_review,40015,"City of Jackson, MS",MS,95.91,90.5,5.41,provider_gtfs_filename_state
Mississippi__Gulf_Islands_National_Seashore__mdb_mdb-3210,mdb-3210,Gulf Islands National Seashore,National Park Service,Gulf Islands National Seashore,MS,manual_review,99468,Jewish Family Service of San Diego,CA,73.5,73.5,0.0,provider_gtfs_filename_state
Mississippi__National_Park_Service__mdb_tld-6677,tld-6677,National Park Service,National Park Service,National Park Service,MS,manual_review,99468,Jewish Family Service of San Diego,CA,73.5,73.5,0.0,provider_gtfs_filename_state
Montana__Sunny_Valley_Transit_(Demo)__mdb_mdb-3473,mdb-3473,Sunny Valley Transit (Demo),Sunny Valley Transit,Sunny Valley Transit (Demo),MT,manual_review,80183,"Valley County, dba: Valley County Transit",MT,92.8,90.5,2.3,provider_gtfs_filename_state
Nebraska__Open_Plains_Transit__mdb_tld-6708,tld-6708,Open Plains Transit,Open Plains Transit,Open Plains Transit,NE,manual_review,77080,"Senior Services, Inc., dba: Open Plains Transit",NE,100.0,100.0,0.0,provider_gtfs_filename_state
Nevada__Jump_Around_Carson__mdb_tld-688,tld-688,Jump Around Carson,Jump Around Carson,Jump Around Carson,NV,manual_review,90215,Carson Area Metropolitan Planning Organization,NV,90.5,54.09,36.41,provider_gtfs_filename_state
Nevada__Regional_Transportation_Commission_(RTC)__mdb_mdb-120,mdb-120,Regional Transportation Commission (RTC),RTC RIDE,Regional Transportation Commission (RTC),NV,manual_review,90045,Regional Transportation Commission of Southern Nevada,NV,99.12,99.12,0.0,provider_gtfs_filename_state
Nevada__Sage_Stage__mdb_mdb-113,mdb-113,Sage Stage,Sage Stage,Sage Stage,NV,manual_review,91008,"Modoc Transportation Agency, dba: Sage Stage",CA,88.0,73.5,14.5,provider_gtfs_filename_state
New_Hampshire__Advance_Transit__mdb_mdb-631,mdb-631,Advance Transit,Advance Transit,Advance Transit,NH,manual_review,11164,Easter Seals Special Transit Service,NH,90.5,90.5,0.0,provider_gtfs_filename_state
New_Hampshire__City_Express__mdb_ntd-10159,ntd-10159,City Express,,City Express,NH,manual_review,10133,"Boston Express Bus, Inc.",NH,90.5,90.5,0.0,provider_gtfs_filename_state
New_Hampshire__Dartmouth_College__mdb_mdb-1958,mdb-1958,Dartmouth College,Dartmouth Campus Connector,Dartmouth College,NH,manual_review,11244,"Dartmouth Transportation Company, Inc.",NH,74.23,73.5,0.73,provider_gtfs_filename_state
New_Hampshire__Rural_Community_Transportation_(RCT)__mdb_mdb-448,mdb-448,Rural Community Transportation (RCT),Rural Community Transportation,Rural Community Transportation (RCT),NH,manual_review,11156,Southwestern Community Services Transportation,NH,93.89,90.5,3.39,provider_gtfs_filename_state
New_Hampshire__Tri-Valley_Transit__mdb_mdb-852,mdb-852,Tri-Valley Transit,Tri-Valley Transit,Tri-Valley Transit,NH,manual_review,11164,Easter Seals Special Transit Service,NH,90.5,90.5,0.0,provider_gtfs_filename_state
New_Jersey__Academy_Lines__mdb_ntd-20122,ntd-20122,Academy Lines,,Academy Lines,NJ,manual_review,20924,"Academy Lines, LLC",NJ,100.0,100.0,0.0,provider_gtfs_filename_state
"New_Jersey__Coach_USA_Erie,_Orange_Westchester_Link,_ShortLine_Hudson,_Suburban_Transit,_Community_Coach,_Rockland_Coaches,_Newark_A__mdb_tld-5741",tld-5741,"Coach USA Erie, Orange Westchester Link, ShortLine Hudson, Suburban Transit, Community Coach, Rockland Coaches, Newark Airport Express, Wisconsin Coach Lines, Van Galder (Coach USA), Coach Suburban Transit Corporation, Coach Community Coach, Coach Hudson Transit Lines, Coach Newark Express, Waukesha County Transit",Waukesha County Transit | Orange Westchester Link | ShortLine Hudson | Suburban Transit | Community Coach | Rockland Coaches | Coach USA Erie | Newark Airport Express | Wisconsin Coach Lines | Van Galder (Coach USA),"Coach USA Erie, Orange Westchester Link, ShortLine Hudson, Suburban Transit, Community Coach, Rockland Coaches, Newark A",NJ,manual_review,22969,Hudson County,NJ,100.0,100.0,0.0,provider_gtfs_filename_state
New_Jersey__Cross_County_Connection__mdb_ntd-20208,ntd-20208,Cross County Connection,,Cross County Connection,NJ,manual_review,22969,Hudson County,NJ,90.5,90.5,0.0,provider_gtfs_filename_state
New_Jersey__Fullington_Trailways__mdb_tld-4379,tld-4379,Fullington Trailways,Fullington Trailways,Fullington Trailways,NJ,manual_review,30987,"Fullington Auto Bus Company, dba: Fullington Trailways",PA,88.0,73.5,14.5,provider_gtfs_filename_state
New_Jersey__Megabus__mdb_mdb-2321,mdb-2321,Megabus,Waukesha County Transit | Orange Westchester Link | ShortLine Hudson | Suburban Transit | Community Coach | Rockland Coaches | Coach USA Erie | Newark Airport Express | Wisconsin Coach Lines | Van Galder (Coach USA),Megabus,NJ,manual_review,20982,"Hudson Transit Lines , dba: Shortline",NJ,100.0,100.0,0.0,provider_gtfs_filename_state
New_Jersey__New_Jersey_Transit_(NJ_Transit)__mdb_mdb-508,mdb-508,New Jersey Transit (NJ Transit),NJ TRANSIT BUS,New Jersey Transit (NJ Transit),NJ,manual_review,20080,New Jersey Transit Corporation,NJ,100.0,100.0,0.0,provider_gtfs_filename_state
New_Jersey__New_Jersey_Transit_(NJ_Transit)__mdb_mdb-509,mdb-509,New Jersey Transit (NJ Transit),NJ TRANSIT BUS | NJ TRANSIT RAIL,New Jersey Transit (NJ Transit),NJ,manual_review,20080,New Jersey Transit Corporation,NJ,100.0,100.0,0.0,provider_gtfs_filename_state
New_Jersey__Statue_of_Liberty_National_Monument__mdb_tld-6909,tld-6909,Statue of Liberty National Monument,National Park Service,Statue of Liberty National Monument,NJ,manual_review,22981,City of East Orange,NJ,90.5,90.5,0.0,provider_gtfs_filename_state
New_Mexico__ABQ_RIDE__mdb_mdb-166,mdb-166,ABQ RIDE,ABQ RIDE,ABQ RIDE,NM,manual_review,60019,"City of Albuquerque, dba: ABQRIDE",NM,89.0,73.5,15.5,provider_gtfs_filename_state
New_Mexico__Bandalier_National_Monument__mdb_tld-6902,tld-6902,Bandalier National Monument,National Park Service,Bandalier National Monument,NM,manual_review,99468,Jewish Family Service of San Diego,CA,73.5,73.5,0.0,provider_gtfs_filename_state
New_Mexico__NMDOT_Park_and_Ride__mdb_tld-5537,tld-5537,NMDOT Park and Ride,New Mexico DOT Park and Ride,NMDOT Park and Ride,NM,manual_review,66339,"New Mexico Department of Transportation, dba: NMGo!",NM,90.5,73.5,17.0,provider_gtfs_filename_state
New_Mexico__Navajo_Transit_System__mdb_mdb-2346,mdb-2346,Navajo Transit System,Navajo Transit System,Navajo Transit System,NM,manual_review,60620,"Pueblo of Laguna, dba: Pueblo of Laguna - Shaa'srk'a Transit",NM,90.5,90.5,0.0,provider_gtfs_filename_state
New_Mexico__North_Central_Regional_Transit_District__mdb_tld-1319,tld-1319,North Central Regional Transit District,NCRTD,North Central Regional Transit District,NM,manual_review,60138,"North Central Regional Transit District, dba: North Central RTD",NM,100.0,97.86,2.14,provider_gtfs_filename_state
"New_York__Adirondack_Trailways,_New_York_Trailways,_Pine_Hill_Trailways,_Burlington_Trailways__mdb_ntd-20177",ntd-20177,"Adirondack Trailways, New York Trailways, Pine Hill Trailways, Burlington Trailways",,"Adirondack Trailways, New York Trailways, Pine Hill Trailways, Burlington Trailways",NY,manual_review,22930,New York City Economic Development Corporation,NY,90.5,90.5,0.0,provider_gtfs_filename_state
New_York__Adirondack_Trailways_ADP__mdb_mdb-823,mdb-823,Adirondack Trailways ADP,Adirondack Trailways,Adirondack Trailways ADP,NY,manual_review,20969,"Adirondack Transit Lines, Inc, dba: Adirondack Trailways",NY,100.0,100.0,0.0,provider_gtfs_filename_state
New_York__Adirondack_Trailways_NYP__mdb_mdb-824,mdb-824,Adirondack Trailways NYP,Adirondack Trailways,Adirondack Trailways NYP,NY,manual_review,20969,"Adirondack Transit Lines, Inc, dba: Adirondack Trailways",NY,100.0,100.0,0.0,provider_gtfs_filename_state
New_York__Adirondack_Trailways__mdb_tld-5781,tld-5781,Adirondack Trailways,Adirondack Trailways,Adirondack Trailways,NY,manual_review,20969,"Adirondack Transit Lines, Inc, dba: Adirondack Trailways",NY,100.0,100.0,0.0,provider_gtfs_filename_state
New_York__Birnie_Bus__mdb_mdb-233,mdb-233,Birnie Bus,Birnie Bus,Birnie Bus,NY,manual_review,20988,"City of Port Jervis, dba: City of Port Jervis Dial-A-Bus",NY,90.5,90.5,0.0,provider_gtfs_filename_state
New_York__Centro__mdb_mdb-534,mdb-534,Centro,Centro,Centro,NY,manual_review,20228,"Enterprise Holdings, LLC",NY,70.45,69.82,0.63,provider_gtfs_filename_state
New_York__Chautauqua_Area_Regional_Transit_System_(CARTS)__mdb_mdb-304,mdb-304,Chautauqua Area Regional Transit System (CARTS),CARTS (If you do not get satisfactory results please call the CARTS office @ 800-388-6534 to see if we can accommodate your trip),Chautauqua Area Regional Transit System (CARTS),NY,manual_review,20983,Regional Transit Service,NY,90.5,90.5,0.0,provider_gtfs_filename_state
New_York__Chemung_County_(C-TRAN)__mdb_ntd-20005,ntd-20005,Chemung County (C-TRAN),,Chemung County (C-TRAN),NY,manual_review,20005,"Chemung County, dba: C TRAN",NY,100.0,95.0,5.0,provider_gtfs_filename_state
New_York__Chenango_First_Transit__mdb_mdb-536,mdb-536,Chenango First Transit,Chenango First Transit,Chenango First Transit,NY,manual_review,21000,"Yates County, dba: Yates Transit Service",NY,90.5,90.5,0.0,provider_gtfs_filename_state
New_York__City_Of_Glen_Cove__mdb_tld-5787,tld-5787,City Of Glen Cove,City Of Glen Cove,City Of Glen Cove,NY,manual_review,22930,New York City Economic Development Corporation,NY,90.5,90.5,0.0,provider_gtfs_filename_state
New_York__City_of_Mechanicville_Public_Transit__mdb_mdb-541,mdb-541,City of Mechanicville Public Transit,City of Mechanicville Public Transit,City of Mechanicville Public Transit,NY,manual_review,20213,"City of Mechanicville, dba: Public Transportation System",NY,94.23,90.5,3.73,provider_gtfs_filename_state
New_York__Clarkstown_MiniTrans__mdb_mdb-911,mdb-911,Clarkstown MiniTrans,Clarkstown MiniTrans,Clarkstown MiniTrans,NY,manual_review,20085,"Town of Clarkstown, dba: Mini Trans",NY,86.63,59.55,27.08,provider_gtfs_filename_state
New_York__Columbia_University__mdb_tld-4456,tld-4456,Columbia University,,Columbia University,NY,manual_review,20999,"Columbia County, dba: Columbia County Public Transportation",NY,90.5,73.5,17.0,provider_gtfs_filename_state
New_York__Corning_Erwin_Area_Transit_System_(CEATS)__mdb_mdb-302,mdb-302,Corning Erwin Area Transit System (CEATS),CEATS,Corning Erwin Area Transit System (CEATS),NY,manual_review,20941,"City of Corning, dba: Corning Erwin Area Transit System",NY,96.67,90.5,6.17,provider_gtfs_filename_state
New_York__Downtown_Alliance__mdb_mdb-519,mdb-519,Downtown Alliance,Downtown Alliance,Downtown Alliance,NY,manual_review,70107,"City of Alliance, dba: Alliance Public Transit",NE,73.5,73.5,0.0,provider_gtfs_filename_state
New_York__Endless_Mountains_Transportation_Authority__mdb_tld-7021,tld-7021,Endless Mountains Transportation Authority,BeST Transit,Endless Mountains Transportation Authority,NY,manual_review,21000,"Yates County, dba: Yates Transit Service",NY,90.5,90.5,0.0,provider_gtfs_filename_state
New_York__Fullington_Trailways__mdb_tld-5783,tld-5783,Fullington Trailways,Fullington Trailways,Fullington Trailways,NY,manual_review,20978,"Pine Hill-Kingston Bus Corp., dba: Pine Hill Trailways",NY,90.5,90.5,0.0,provider_gtfs_filename_state
New_York__Huntington_Area_Rapid_Transit_(HART)__mdb_mdb-905,mdb-905,Huntington Area Rapid Transit (HART),HART,Huntington Area Rapid Transit (HART),NY,manual_review,20071,"Town of Huntington, dba: Huntington Area Rapid Transit",NY,97.06,90.5,6.56,provider_gtfs_filename_state
New_York__Jefferson_County_Public_Transit_(JCPT)__mdb_mdb-3392,mdb-3392,Jefferson County Public Transit (JCPT),Jefferson County Public Transit,Jefferson County Public Transit (JCPT),NY,manual_review,20991,"St Lawrence County, dba: St Lawrence County Public Transit",NY,90.5,90.5,0.0,provider_gtfs_filename_state
New_York__Lake_Champlain_Ferries__mdb_mdb-547,mdb-547,Lake Champlain Ferries,Lake Champlain Ferries,Lake Champlain Ferries,NY,manual_review,99292,"Blue Lake Rancheria, dba: Blue Lake Rancheria Transit System",CA,73.5,73.5,0.0,provider_gtfs_filename_state
New_York__Lower_Hudson_Valley_Transit__mdb_mdb-915,mdb-915,Lower Hudson Valley Transit,LHTL,Lower Hudson Valley Transit,NY,manual_review,20991,"St Lawrence County, dba: St Lawrence County Public Transit",NY,90.5,90.5,0.0,provider_gtfs_filename_state
New_York__Mercy_College__mdb_tld-4465,tld-4465,Mercy College,Mercy College,Mercy College,NY,manual_review,88140,Sitting Bull College,ND,73.5,73.5,0.0,provider_gtfs_filename_state
New_York__Metropolitan_Transit_Authority_(MTA)__mdb_mdb-507,mdb-507,Metropolitan Transit Authority (MTA),Long Island Rail Road,Metropolitan Transit Authority (MTA),NY,manual_review,20188,MTA Bus Company,NY,100.0,100.0,0.0,provider_gtfs_filename_state
New_York__Metropolitan_Transit_Authority_(MTA)__mdb_mdb-510,mdb-510,Metropolitan Transit Authority (MTA),MTA Bus Company,Metropolitan Transit Authority (MTA),NY,manual_review,20188,MTA Bus Company,NY,100.0,100.0,0.0,provider_gtfs_filename_state
New_York__Metropolitan_Transit_Authority_(MTA)__mdb_mdb-511,mdb-511,Metropolitan Transit Authority (MTA),MTA New York City Transit,Metropolitan Transit Authority (MTA),NY,manual_review,20188,MTA Bus Company,NY,100.0,100.0,0.0,provider_gtfs_filename_state
New_York__Metropolitan_Transit_Authority_(MTA)__mdb_mdb-512,mdb-512,Metropolitan Transit Authority (MTA),MTA New York City Transit,Metropolitan Transit Authority (MTA),NY,manual_review,20188,MTA Bus Company,NY,100.0,100.0,0.0,provider_gtfs_filename_state
New_York__Metropolitan_Transit_Authority_(MTA)__mdb_mdb-513,mdb-513,Metropolitan Transit Authority (MTA),MTA New York City Transit,Metropolitan Transit Authority (MTA),NY,manual_review,20188,MTA Bus Company,NY,100.0,100.0,0.0,provider_gtfs_filename_state
New_York__Metropolitan_Transit_Authority_(MTA)__mdb_mdb-514,mdb-514,Metropolitan Transit Authority (MTA),MTA New York City Transit,Metropolitan Transit Authority (MTA),NY,manual_review,20188,MTA Bus Company,NY,100.0,100.0,0.0,provider_gtfs_filename_state
New_York__Metropolitan_Transit_Authority_(MTA)__mdb_mdb-516,mdb-516,Metropolitan Transit Authority (MTA),MTA New York City Transit,Metropolitan Transit Authority (MTA),NY,manual_review,20188,MTA Bus Company,NY,100.0,100.0,0.0,provider_gtfs_filename_state
New_York__Metropolitan_Transit_Authority_(MTA)__mdb_mdb-520,mdb-520,Metropolitan Transit Authority (MTA),MTA New York City Transit,Metropolitan Transit Authority (MTA),NY,manual_review,20188,MTA Bus Company,NY,100.0,100.0,0.0,provider_gtfs_filename_state
New_York__Metropolitan_Transit_Authority_(MTA)__mdb_mdb-528,mdb-528,Metropolitan Transit Authority (MTA),MTA New York City Transit,Metropolitan Transit Authority (MTA),NY,manual_review,20188,MTA Bus Company,NY,100.0,100.0,0.0,provider_gtfs_filename_state
New_York__NYC_Ferry__mdb_mdb-515,mdb-515,NYC Ferry,NYC Ferry,NYC Ferry,NY,manual_review,90225,"San Francisco Bay Area Water Emergency Transportation Authority, dba: San Francisco Bay Ferry",CA,73.5,73.5,0.0,provider_gtfs_filename_state
New_York__North_Country_Express_Transit__mdb_mdb-546,mdb-546,North Country Express Transit,North Country Express Transit,North Country Express Transit,NY,manual_review,20991,"St Lawrence County, dba: St Lawrence County Public Transit",NY,90.5,90.5,0.0,provider_gtfs_filename_state
New_York__Otsego_Express_Public_Transportation__mdb_mdb-589,mdb-589,Otsego Express Public Transportation,Otsego Express Public Transportation,Otsego Express Public Transportation,NY,manual_review,21000,"Yates County, dba: Yates Transit Service",NY,90.5,90.5,0.0,provider_gtfs_filename_state
New_York__PART_Putnam_Area_Rapid_Transit__mdb_mdb-928,mdb-928,PART Putnam Area Rapid Transit,PART Putnam Area Rapid Transit,PART Putnam Area Rapid Transit,NY,manual_review,20096,"Putnam County, dba: Putnam Area Rapid Transit",NY,95.91,90.5,5.41,provider_gtfs_filename_state
New_York__Rensselaer_County_(Yankee_Trails)__mdb_mdb-804,mdb-804,Rensselaer County (Yankee Trails),Yankee Trails,Rensselaer County (Yankee Trails),NY,manual_review,20968,County of Rensselaer,NY,96.89,90.5,6.39,provider_gtfs_filename_state
New_York__Rochester-Genesee_Regional_Transportation_Authority_(RGRTA)__mdb_mdb-533,mdb-533,Rochester-Genesee Regional Transportation Authority (RGRTA),Regional Transit Service (RTS),Rochester-Genesee Regional Transportation Authority (RGRTA),NY,manual_review,20983,Regional Transit Service,NY,100.0,100.0,0.0,provider_gtfs_filename_state
New_York__Rochester-Genesee_Regional_Transportation_Authority__mdb_tld-1200,tld-1200,Rochester-Genesee Regional Transportation Authority,RTS Seneca,Rochester-Genesee Regional Transportation Authority,NY,manual_review,22929,Seneca Nation of Indians,NY,90.5,90.5,0.0,provider_gtfs_filename_state
New_York__Rochester-Genesee_Regional_Transportation_Authority__mdb_tld-1201,tld-1201,Rochester-Genesee Regional Transportation Authority,RTS Wayne,Rochester-Genesee Regional Transportation Authority,NY,manual_review,20991,"St Lawrence County, dba: St Lawrence County Public Transit",NY,90.5,90.5,0.0,provider_gtfs_filename_state
New_York__Rochester-Genesee_Regional_Transportation_Authority__mdb_tld-7040,tld-7040,Rochester-Genesee Regional Transportation Authority,RTS Genesee,Rochester-Genesee Regional Transportation Authority,NY,manual_review,20991,"St Lawrence County, dba: St Lawrence County Public Transit",NY,90.5,90.5,0.0,provider_gtfs_filename_state
New_York__Rochester-Genesee_Regional_Transportation_Authority__mdb_tld-7041,tld-7041,Rochester-Genesee Regional Transportation Authority,RTS Ontario,Rochester-Genesee Regional Transportation Authority,NY,manual_review,20991,"St Lawrence County, dba: St Lawrence County Public Transit",NY,90.5,90.5,0.0,provider_gtfs_filename_state
New_York__Rochester-Genesee_Regional_Transportation_Authority__mdb_tld-7042,tld-7042,Rochester-Genesee Regional Transportation Authority,RTS Orleans,Rochester-Genesee Regional Transportation Authority,NY,manual_review,20991,"St Lawrence County, dba: St Lawrence County Public Transit",NY,90.5,90.5,0.0,provider_gtfs_filename_state
New_York__Rochester-Genesee_Regional_Transportation_Authority__mdb_tld-7043,tld-7043,Rochester-Genesee Regional Transportation Authority,RTS Wyoming,Rochester-Genesee Regional Transportation Authority,NY,manual_review,20991,"St Lawrence County, dba: St Lawrence County Public Transit",NY,90.5,90.5,0.0,provider_gtfs_filename_state
New_York__Rochester_Transit_Service__mdb_mdb-3114,mdb-3114,Rochester Transit Service,RTS Livingston,Rochester Transit Service,NY,manual_review,20999,"Columbia County, dba: Columbia County Public Transportation",NY,90.5,90.5,0.0,provider_gtfs_filename_state
New_York__Roosevelt_Island_Operating_Corporation_Tramway__mdb_tld-3364,tld-3364,Roosevelt Island Operating Corporation Tramway,Roosevelt Island Tram,Roosevelt Island Operating Corporation Tramway,NY,manual_review,20099,"Staten Island Rapid Transit Operating Authority, dba: MTA Staten Island Railway",NY,90.5,73.5,17.0,provider_gtfs_filename_state
New_York__SeaStreak_Ferries__mdb_ntd-20226,ntd-20226,SeaStreak Ferries,,SeaStreak Ferries,NY,manual_review,20226,"SeaStreak, LLC",NJ,88.0,55.5,32.5,provider_gtfs_filename_state
New_York__Seneca_Transit_System__mdb_ntd-22929,ntd-22929,Seneca Transit System,,Seneca Transit System,NY,manual_review,21000,"Yates County, dba: Yates Transit Service",NY,90.5,90.5,0.0,provider_gtfs_filename_state
New_York__Staten_Island_Ferry__mdb_mdb-518,mdb-518,Staten Island Ferry,New York City Department of Transportation,Staten Island Ferry,NY,manual_review,20082,New York City Department of Transportation,NY,100.0,98.67,1.33,provider_gtfs_filename_state
New_York__Steuben_County_Transit__mdb_mdb-851,mdb-851,Steuben County Transit,Steuben County Transit,Steuben County Transit,NY,manual_review,21000,"Yates County, dba: Yates Transit Service",NY,90.5,90.5,0.0,provider_gtfs_filename_state
New_York__Transport_of_Rockland__mdb_tld-3368,tld-3368,Transport of Rockland,Transport of Rockland (TOR),Transport of Rockland,NY,manual_review,20988,"City of Port Jervis, dba: City of Port Jervis Dial-A-Bus",NY,90.5,90.5,0.0,provider_gtfs_filename_state
North_Carolina__Cape_Lookout_National_Seashore__mdb_mdb-3205,mdb-3205,Cape Lookout National Seashore,National Park Service,Cape Lookout National Seashore,NC,manual_review,40209,"Hoke County, dba: Hoke Area Transit Service",NC,90.5,73.5,17.0,provider_gtfs_filename_state
North_Carolina__Charlotte_Area_Transit_System_(CATS)__mdb_mdb-2265,mdb-2265,Charlotte Area Transit System (CATS),CATS,Charlotte Area Transit System (CATS),NC,manual_review,44977,McDowell Transit,NC,90.5,90.5,0.0,provider_gtfs_filename_state
North_Carolina__GoTriangle__mdb_mdb-3183,mdb-3183,GoTriangle,GoTriangle,GoTriangle,NC,manual_review,41131,Choanoke Public Transportation Authority,NC,90.5,90.5,0.0,provider_gtfs_filename_state
North_Dakota__Cities_Area_Transit__mdb_mdb-2199,mdb-2199,Cities Area Transit,Cities Area Transit,Cities Area Transit,ND,manual_review,88128,"Spirit Lake Tribe, dba: Spirit Lake Tribal Transit",ND,90.5,90.5,0.0,provider_gtfs_filename_state
Ohio__Akron_Metro_Regional_Transit_Authority_(METRO)__mdb_mdb-2071,mdb-2071,Akron Metro Regional Transit Authority (METRO),METRO RTA,Akron Metro Regional Transit Authority (METRO),OH,manual_review,50012,"Southwest Ohio Regional Transit Authority, dba: Metro / Access",OH,100.0,100.0,0.0,provider_gtfs_filename_state
Ohio__Cincinnati_Metro__mdb_mdb-307,mdb-307,Cincinnati Metro,METRO,Cincinnati Metro,OH,manual_review,50012,"Southwest Ohio Regional Transit Authority, dba: Metro / Access",OH,100.0,100.0,0.0,provider_gtfs_filename_state
Ohio__Lorain_County_Transit__mdb_tld-7039,tld-7039,Lorain County Transit,Lorain County Transit,Lorain County Transit,OH,manual_review,50095,"Lorain County, dba: Lorain County Transit",OH,100.0,95.48,4.52,provider_gtfs_filename_state
Ohio__Miller_Transportation__mdb_tld-4466,tld-4466,Miller Transportation,,Miller Transportation,OH,manual_review,55474,"FRS Transportation, Inc, dba: FRS Transportation",OH,92.5,90.5,2.0,provider_gtfs_filename_state
Oklahoma__Campus_Area_Rapid_Transit_(CART)__mdb_mdb-182,mdb-182,Campus Area Rapid Transit (CART),Campus Area Rapid Transit (CART),Campus Area Rapid Transit (CART),OK,manual_review,66194,"Cheyenne & Arapaho Tribes, dba: Cheyenne and Arapaho Tribal Transit",OK,90.5,90.5,0.0,provider_gtfs_filename_state
Oklahoma__Embark__mdb_mdb-2062,mdb-2062,Embark,Campus Area Rapid Transit (CART) | Citylink Edmond | EMBARK | EMBARK Norman | Oklahoma River Cruises,Embark,OK,manual_review,66341,"City of Norman, dba: EMBARK Norman",OK,100.0,100.0,0.0,provider_gtfs_filename_state
Oregon__Astoria_Riverfront_Trolley__mdb_mdb-1254,mdb-1254,Astoria Riverfront Trolley,Astoria Riverfront Trolley,Astoria Riverfront Trolley,OR,manual_review,70057,Loop Trolley Transportation Development District,MO,73.5,73.5,0.0,provider_gtfs_filename_state
Oregon__Buena_Vista_Ferry__mdb_mdb-834,mdb-834,Buena Vista Ferry,Buena Vista Ferry,Buena Vista Ferry,OR,manual_review,91014,"City of Rio Vista, dba: Rio Vista Delta Breeze",CA,73.5,73.5,0.0,provider_gtfs_filename_state
Oregon__C-TRAN__mdb_mdb-258,mdb-258,C-TRAN,C-TRAN,C-TRAN,OR,manual_review,00459,Umpqua Public Transportation District,OR,95.0,95.0,0.0,provider_gtfs_filename_state
Oregon__Canby_Area_Transit_(CAT)__mdb_mdb-252,mdb-252,Canby Area Transit (CAT),Canby Area Transit,Canby Area Transit (CAT),OR,manual_review,00421,"Burns Paiute Tribe, dba: Burns Paiute Tribal Transit",OR,90.5,90.5,0.0,provider_gtfs_filename_state
Oregon__Canby_Ferry__mdb_mdb-605,mdb-605,Canby Ferry,Canby Ferry,Canby Ferry,OR,manual_review,90225,"San Francisco Bay Area Water Emergency Transportation Authority, dba: San Francisco Bay Ferry",CA,73.5,73.5,0.0,provider_gtfs_filename_state
Oregon__Caravan_Airport_Transportation__mdb_mdb-127,mdb-127,Caravan Airport Transportation,Caravan Airport Transportation,Caravan Airport Transportation,OR,manual_review,00375,"Columbia County, dba: Columbia County Rider Transportation",OR,90.5,90.5,0.0,provider_gtfs_filename_state
Oregon__City_of_Milton-Freewater_Public_Transportation__mdb_mdb-2189,mdb-2189,City of Milton-Freewater Public Transportation,Kayak Public Transit,City of Milton-Freewater Public Transportation,OR,manual_review,00119,"Confederated Tribes of the Umatilla Indian Reservation, dba: Kayak Public Transit",OR,100.0,100.0,0.0,provider_gtfs_filename_state
Oregon__Coos_County_Area_Transit_(CCAT)__mdb_mdb-21,mdb-21,Coos County Area Transit (CCAT),City of Bandon Trolley | Coos County Area Transportation District,Coos County Area Transit (CCAT),OR,manual_review,00307,Coos County Area Transit,OR,100.0,93.37,6.63,provider_gtfs_filename_state
Oregon__Diamond_Express__mdb_mdb-130,mdb-130,Diamond Express,Diamond Express,Diamond Express,OR,manual_review,00377,"City of Lebanon, dba: Lebanon Interneighborhood Express",OR,90.5,90.5,0.0,provider_gtfs_filename_state
Oregon__Linn_Shuttle__mdb_mdb-137,mdb-137,Linn Shuttle,Linn Shuttle,Linn Shuttle,OR,manual_review,00061,"City of Albany, dba: Albany Transit System, Linn-Benton Loop",OR,90.5,73.57,16.93,provider_gtfs_filename_state
Oregon__Morrow_County_Public_Transit__mdb_mdb-2418,mdb-2418,Morrow County Public Transit,Morrow County Public Transit,Morrow County Public Transit,OR,manual_review,00308,"Curry County Public Transit Service District, dba: Curry Public Transit Inc",OR,90.71,90.5,0.21,provider_gtfs_filename_state
Oregon__Oregon_Express_Shuttle__mdb_mdb-132,mdb-132,Oregon Express Shuttle,Groome Transportation,Oregon Express Shuttle,OR,manual_review,00R02,Oregon Department of Transportation,OR,90.5,90.5,0.0,provider_gtfs_filename_state
Oregon__Philomath_Connection__mdb_mdb-2205,mdb-2205,Philomath Connection,Philomath Connection,Philomath Connection,OR,manual_review,00343,"Community Connection of Northeast Oregon, dba: NEOTransit",OR,90.5,85.0,5.5,provider_gtfs_filename_state
Oregon__Quail_Trail_Public_Transit__mdb_mdb-1327,mdb-1327,Quail Trail Public Transit,Quail Trail Public Transit,Quail Trail Public Transit,OR,manual_review,00421,"Burns Paiute Tribe, dba: Burns Paiute Tribal Transit",OR,90.5,90.5,0.0,provider_gtfs_filename_state
Oregon__Rhody_Express__mdb_mdb-24,mdb-24,Rhody Express,Rhody Express,Rhody Express,OR,manual_review,00377,"City of Lebanon, dba: Lebanon Interneighborhood Express",OR,90.5,90.5,0.0,provider_gtfs_filename_state
Oregon__South_Metro_Area_Regional_Transit_(SMART)__mdb_mdb-2706,mdb-2706,South Metro Area Regional Transit (SMART),SMART,South Metro Area Regional Transit (SMART),OR,manual_review,00046,"City of Wilsonville, dba: South Metro Area Regional Transit",OR,96.18,90.5,5.68,provider_gtfs_filename_state
"Oregon__Sunset_Empire_Transportation_District_(SETD),_Tillamook_County_Transportation_District,_Columbia_County_Rider__mdb_mdb-246",mdb-246,"Sunset Empire Transportation District (SETD), Tillamook County Transportation District, Columbia County Rider",Tillamook County Transportation District,"Sunset Empire Transportation District (SETD), Tillamook County Transportation District, Columbia County Rider",OR,manual_review,00331,Sunset Empire Transportation District,OR,100.0,100.0,0.0,provider_gtfs_filename_state
Oregon__Swan_Island_Evening_Shuttle__mdb_mdb-255,mdb-255,Swan Island Evening Shuttle,Multnomah County Transit,Swan Island Evening Shuttle,OR,manual_review,00421,"Burns Paiute Tribe, dba: Burns Paiute Tribal Transit",OR,90.5,90.5,0.0,provider_gtfs_filename_state
Oregon__Wahkiakum_Ferry__mdb_mdb-2193,mdb-2193,Wahkiakum Ferry,Wahkiakum Ferry,Wahkiakum Ferry,OR,manual_review,90225,"San Francisco Bay Area Water Emergency Transportation Authority, dba: San Francisco Bay Ferry",CA,73.5,73.5,0.0,provider_gtfs_filename_state
"Oregon__Wallowa_Community_Connection_(WCC),_Northeast_Oregon_Public_Transit__mdb_mdb-289",mdb-289,"Wallowa Community Connection (WCC), Northeast Oregon Public Transit",Northeast Oregon Public Transit,"Wallowa Community Connection (WCC), Northeast Oregon Public Transit",OR,manual_review,00R02,Oregon Department of Transportation,OR,90.5,90.5,0.0,provider_gtfs_filename_state
Oregon__Washington_Park_Shuttle__mdb_mdb-254,mdb-254,Washington Park Shuttle,Washington Park,Washington Park Shuttle,OR,manual_review,60168,Washington Parish Government,LA,74.9,73.5,1.4,provider_gtfs_filename_state
Oregon__Wheatland_Ferry__mdb_mdb-833,mdb-833,Wheatland Ferry,Wheatland Ferry,Wheatland Ferry,OR,manual_review,90225,"San Francisco Bay Area Water Emergency Transportation Authority, dba: San Francisco Bay Ferry",CA,73.5,73.5,0.0,provider_gtfs_filename_state
Oregon__Yamhill_County_Transit_Area__mdb_mdb-250,mdb-250,Yamhill County Transit Area,Yamhill County Transit Area,Yamhill County Transit Area,OR,manual_review,00321,"Yamhill County, dba: Yamhill County Transit",OR,100.0,93.37,6.63,provider_gtfs_filename_state
Pennsylvania__Altoona_Metro_Transit__mdb_tld-4669,tld-4669,Altoona Metro Transit,Amtran,Altoona Metro Transit,PA,manual_review,30011,"Altoona Metro Transit, dba: AMTRAN",PA,100.0,95.0,5.0,provider_gtfs_filename_state
Pennsylvania__Area_Transit_Authority__mdb_tld-4551,tld-4551,Area Transit Authority,Area Transportation Authority,Area Transit Authority,PA,manual_review,31041,"County of Butler, dba: Butler Area Rural Transit",PA,100.0,100.0,0.0,provider_gtfs_filename_state
Pennsylvania__Berks_Area_Regional_Transportation_Authority_(BARTA)__mdb_mdb-2064,mdb-2064,Berks Area Regional Transportation Authority (BARTA),BARTA,Berks Area Regional Transportation Authority (BARTA),PA,manual_review,31039,"Huntingdon-Bedford-Fulton Area Agency on Aging, dba: CART Senior Transportation",PA,90.5,90.5,0.0,provider_gtfs_filename_state
Pennsylvania__Butler_Transit_Authority__mdb_tld-4659,tld-4659,Butler Transit Authority,Butler Transit Authority,Butler Transit Authority,PA,manual_review,31041,"County of Butler, dba: Butler Area Rural Transit",PA,100.0,100.0,0.0,provider_gtfs_filename_state
Pennsylvania__Lower_Anthracite_Transit_System__mdb_tld-7023,tld-7023,Lower Anthracite Transit System,Lower Anthracite Transit Systems,Lower Anthracite Transit System,PA,manual_review,31044,"Somerset County, dba: Somerset County Transportation System",PA,90.5,90.5,0.0,provider_gtfs_filename_state
Pennsylvania__PATCO_Speedline__mdb_mdb-3035,mdb-3035,PATCO Speedline,Port Authority Transit Corporation,PATCO Speedline,PA,manual_review,31041,"County of Butler, dba: Butler Area Rural Transit",PA,90.5,90.5,0.0,provider_gtfs_filename_state
Pennsylvania__PHLASH__mdb_mdb-2877,mdb-2877,PHLASH,SEPTA | PHLASH,PHLASH,PA,manual_review,30019,Southeastern Pennsylvania Transportation Authority,PA,92.19,90.5,1.69,provider_gtfs_filename_state
Pennsylvania__Red_Rose_Transit_Authority_(RRTA)__mdb_mdb-2000,mdb-2000,Red Rose Transit Authority (RRTA),Red Rose Transit Authority,Red Rose Transit Authority (RRTA),PA,manual_review,31041,"County of Butler, dba: Butler Area Rural Transit",PA,90.5,90.5,0.0,provider_gtfs_filename_state
Pennsylvania__River_Valley_Transit__mdb_tld-4548,tld-4548,River Valley Transit,River Valley Transit,River Valley Transit,PA,manual_review,30207,"RIVER VALLEY TRANSIT AUTHORITY, dba: River Valley Transit",PA,100.0,100.0,0.0,provider_gtfs_filename_state
Pennsylvania__Transportation_Management_Association_of_Chester_County_(TMACC)__mdb_mdb-3130,mdb-3130,Transportation Management Association of Chester County (TMACC),TMACC,Transportation Management Association of Chester County (TMACC),PA,manual_review,31043,"Chester County, dba: Chesco Connect",PA,90.5,90.5,0.0,provider_gtfs_filename_state
Pennsylvania__Upper_Merion_Rambler__mdb_mdb-3036,mdb-3036,Upper Merion Rambler,Greater Valley Forge TMA,Upper Merion Rambler,PA,manual_review,30207,"RIVER VALLEY TRANSIT AUTHORITY, dba: River Valley Transit",PA,90.5,90.5,0.0,provider_gtfs_filename_state
Puerto_Rico__Municipality_of_Vega_Baja__mdb_ntd-40117,ntd-40117,Municipality of Vega Baja,,Municipality of Vega Baja,PR,manual_review,40117,Municipality of Vega Baja,PR,100.0,95.91,4.09,provider_gtfs_filename_state
South_Carolina__Fort_Sumter_and_Fort_Moultrie_National_Historical_Park__mdb_tld-6906,tld-6906,Fort Sumter and Fort Moultrie National Historical Park,National Park Service,Fort Sumter and Fort Moultrie National Historical Park,SC,manual_review,44907,"Catawba Indian Nation, dba: Catawba Transit Service",SC,90.5,90.5,0.0,provider_gtfs_filename_state
Tennessee__Bristol_Virginia_Transit__mdb_mdb-238,mdb-238,Bristol Virginia Transit,Bristol Virginia Transit,Bristol Virginia Transit,TN,manual_review,40954,"South Central Tennessee Development District, dba: South Central Area Transit Service",TN,90.5,90.5,0.0,provider_gtfs_filename_state
Tennessee__Knoxville_Area_Transit_(KAT)__mdb_mdb-1121,mdb-1121,Knoxville Area Transit (KAT),KAT KNOXVILLE,Knoxville Area Transit (KAT),TN,manual_review,40002,"City of Knoxville, dba: Knoxville Area Transit",TN,96.67,90.5,6.17,provider_gtfs_filename_state
Tennessee__Nashville_MTA_WeGo_Public_Transit__mdb_mdb-360,mdb-360,Nashville MTA WeGo Public Transit,WeGo Public Transit,Nashville MTA WeGo Public Transit,TN,manual_review,40159,"Regional Transportation Authority, dba: WeGo Public Transit",TN,100.0,100.0,0.0,provider_gtfs_filename_state
Texas__El_Metro_Transit__mdb_tld-7038,tld-7038,El Metro Transit,"Laredo Transit Management Inc.,-El Metro",El Metro Transit,TX,manual_review,60048,"Capital Metropolitan Transportation Authority, dba: Capital Metro",TX,94.66,94.66,0.0,provider_gtfs_filename_state
Texas__METRO_Houston__mdb_mdb-2060,mdb-2060,METRO Houston,Metropolitan Transit Authority of Harris County,METRO Houston,TX,manual_review,60108,"Harris County, dba: Harris County Transit",TX,100.0,100.0,0.0,provider_gtfs_filename_state
Utah__Bryce_Canyon_National_Park_Shuttle__mdb_tld-6675,tld-6675,Bryce Canyon National Park Shuttle,National Park Service,Bryce Canyon National Park Shuttle,UT,manual_review,88233,Uintah Healthcare Special Service District,UT,90.5,90.5,0.0,provider_gtfs_filename_state
Utah__SunTran_Utah__mdb_mdb-111,mdb-111,SunTran Utah,SunTran Utah,SunTran Utah,UT,manual_review,80026,"City of St. George, dba: SunTran",UT,90.5,90.5,0.0,provider_gtfs_filename_state
Utah__Zion_National_Park__mdb_tld-6682,tld-6682,Zion National Park,National Park Service,Zion National Park,UT,manual_review,88233,Uintah Healthcare Special Service District,UT,90.5,73.5,17.0,provider_gtfs_filename_state
Vermont__Amtrak_Vermonter__mdb_mdb-2297,mdb-2297,Amtrak Vermonter,Megabus | Amtrak Ethan Allen | Amtrak Vermonter,Amtrak Vermonter,VT,manual_review,55463,"Allen County Council on Aging, Inc.",OH,73.5,73.5,0.0,provider_gtfs_filename_state
Vermont__Rockingham_MOOver__mdb_mdb-2194,mdb-2194,Rockingham MOOver,Rockingham MOOver | Wilmington MOOver,Rockingham MOOver,VT,manual_review,40929,Rockingham County Council on Aging,NC,73.5,73.5,0.0,provider_gtfs_filename_state
Vermont__VTrans__mdb_mdb-2884,mdb-2884,VTrans,Rockingham MOOver | Wilmington MOOver,VTrans,VT,manual_review,10143,Tri-Valley Transit Inc,VT,82.73,80.0,2.73,provider_gtfs_filename_state
Virginia__Alexandria_DOT__mdb_mdb-2936,mdb-2936,Alexandria DOT,,Alexandria DOT,VA,manual_review,30071,"City of Alexandria, dba: DASH",VA,90.5,71.33,19.17,provider_gtfs_filename_state
Virginia__CORTRAN__mdb_mdb-2435,mdb-2435,CORTRAN,,CORTRAN,VA,manual_review,60024,"City of Shreveport, dba: SporTran",LA,71.08,70.45,0.63,provider_gtfs_filename_state
Virginia__Hampton_Roads_Transit_(HRT)__mdb_mdb-473,mdb-473,Hampton Roads Transit (HRT),Hampton Roads Transit (HRT),Hampton Roads Transit (HRT),VA,manual_review,30083,"Transportation District Commission of Hampton Roads, dba: Hampton Roads Transit",VA,96.3,90.5,5.8,provider_gtfs_filename_state
Virginia__Mountain_Empire_Transit__mdb_mdb-2436,mdb-2436,Mountain Empire Transit,,Mountain Empire Transit,VA,manual_review,31025,"County of Greensville, dba: Greensville Emporia Transit",VA,90.5,90.5,0.0,provider_gtfs_filename_state
Virginia__Pony_Express__mdb_mdb-828,mdb-828,Pony Express,Pony Express,Pony Express,VA,manual_review,30073,Virginia Railway Express,VA,90.5,88.0,2.5,provider_gtfs_filename_state
Washington__City_of_Ellensburg_Public_Transit_(Central_Transit)__mdb_mdb-2456,mdb-2456,City of Ellensburg Public Transit (Central Transit),Ellensburg Central Transit,City of Ellensburg Public Transit (Central Transit),WA,manual_review,00405,"Okanogan County Transit Authority, dba: TranGO",WA,90.5,90.5,0.0,provider_gtfs_filename_state
Washington__Colville_Confederated_Tribes_Transit__mdb_mdb-2302,mdb-2302,Colville Confederated Tribes Transit,Colville Confederated Tribes Transit,Colville Confederated Tribes Transit,WA,manual_review,00004,Confederated Tribes of the Colville Indian Reservation,WA,92.5,90.5,2.0,provider_gtfs_filename_state
Washington__Community_Transit_(CT)__mdb_mdb-287,mdb-287,Community Transit (CT),Community Transit | Sound Transit,Community Transit (CT),WA,manual_review,00029,"Snohomish County Public Transportation Benefit Area Corporation, dba: Community Transit",WA,100.0,93.52,6.48,provider_gtfs_filename_state
Washington__Elwha_Transit__mdb_mdb-2307,mdb-2307,Elwha Transit,Elwha Transit,Elwha Transit,WA,manual_review,00405,"Okanogan County Transit Authority, dba: TranGO",WA,90.5,90.5,0.0,provider_gtfs_filename_state
Washington__Guemes_Island_Ferry__mdb_mdb-2310,mdb-2310,Guemes Island Ferry,Guemes Island Ferry,Guemes Island Ferry,WA,manual_review,00103,"Squaxin Island Tribe, dba: Squaxin Island Transit",WA,90.5,90.5,0.0,provider_gtfs_filename_state
Washington__Island_Transit__mdb_mdb-280,mdb-280,Island Transit,Island Transit,Island Transit,WA,manual_review,00298,Island Transit,WA,100.0,100.0,0.0,provider_gtfs_filename_state
Washington__King_County_Metro__mdb_mdb-1330,mdb-1330,King County Metro,Metro Transit | City of Seattle | Sound Transit | Solid Ground EZ Loop,King County Metro,WA,manual_review,00023,"City of Seattle, dba: Seattle Center Monorail",WA,100.0,100.0,0.0,provider_gtfs_filename_state
Washington__Lady_of_the_Lake__mdb_mdb-2318,mdb-2318,Lady of the Lake,Lady of the Lake,Lady of the Lake,WA,manual_review,00R03,Washington State Department of Transportation,WA,90.5,90.5,0.0,provider_gtfs_filename_state
Washington__Lower_Columbia_CAP_(Community_Action_Program)__mdb_mdb-568,mdb-568,Lower Columbia CAP (Community Action Program),,Lower Columbia CAP (Community Action Program),WA,manual_review,00368,"Lower Columbia Community Action Council, dba: Lower Columbia CAP",WA,94.74,90.71,4.03,provider_gtfs_filename_state
Washington__Makah_Public_Transit__mdb_mdb-2196,mdb-2196,Makah Public Transit,Makah Public Transit,Makah Public Transit,WA,manual_review,00405,"Okanogan County Transit Authority, dba: TranGO",WA,90.5,90.5,0.0,provider_gtfs_filename_state
"Washington__Metro_Transit,_Intercity_Transit,_City_of_Seattle,_Community_Transit,_Pierce_Transit,_Sound_Transit,_Washington_State_Fe__mdb_mdb-1080",mdb-1080,"Metro Transit, Intercity Transit, City of Seattle, Community Transit, Pierce Transit, Sound Transit, Washington State Ferries, SeattleCenterMonorail, Everett Transit, Seattle Children's Hospital",Metro Transit | Intercity Transit | Kitsap Transit | City of Seattle | Community Transit | Pierce Transit | Sound Transit | Amtrak | Solid Ground EZ Loop | Washington State Ferries | Seattle Center Monorail | Everett Transit,"Metro Transit, Intercity Transit, City of Seattle, Community Transit, Pierce Transit, Sound Transit, Washington State Fe",WA,manual_review,00035,Washington State Ferries,WA,100.0,100.0,0.0,provider_gtfs_filename_state
Washington__Muckleshoot_Tribal_Transit__mdb_mdb-2326,mdb-2326,Muckleshoot Tribal Transit,Muckleshoot Tribal Transit,Muckleshoot Tribal Transit,WA,manual_review,00333,"Council on Aging & Human Services, dba: COAST Public Transportation",WA,90.5,90.5,0.0,provider_gtfs_filename_state
Washington__People_for_People_(Community_Connector)__mdb_mdb-271,mdb-271,People for People (Community Connector),People for People,People for People (Community Connector),WA,manual_review,00297,People for People Yakima,WA,100.0,100.0,0.0,provider_gtfs_filename_state
Washington__Pierce_County_Ferries__mdb_tld-2289,tld-2289,Pierce County Ferries,Pierce County Ferries,Pierce County Ferries,WA,manual_review,00371,"Wahkiakum County, dba: Wahkiakum on the Move",WA,90.5,90.5,0.0,provider_gtfs_filename_state
Washington__Pierce_Transit__mdb_mdb-265,mdb-265,Pierce Transit,Pierce Transit | Sound Transit,Pierce Transit,WA,manual_review,00003,"Pierce County Transportation Benefit Area Authority, dba: Pierce Transit",WA,100.0,93.52,6.48,provider_gtfs_filename_state
Washington__Skamania_County_Transit__mdb_mdb-262,mdb-262,Skamania County Transit,Skamania County Transit,Skamania County Transit,WA,manual_review,00371,"Wahkiakum County, dba: Wahkiakum on the Move",WA,90.5,90.5,0.0,provider_gtfs_filename_state
Washington__Snoqualmie_Valley_Transportation__mdb_mdb-816,mdb-816,Snoqualmie Valley Transportation,Snoqualmie Valley Transportation,Snoqualmie Valley Transportation,WA,manual_review,00317,"Mt Si Senior Center, dba: Snoqualmie Valley Transportation",WA,100.0,100.0,0.0,provider_gtfs_filename_state
Washington__Snow_Goose_Transit__mdb_tld-5754,tld-5754,Snow Goose Transit,Snow Goose Transit,Snow Goose Transit,WA,manual_review,00405,"Okanogan County Transit Authority, dba: TranGO",WA,90.5,90.5,0.0,provider_gtfs_filename_state
Washington__Solid_Ground__mdb_tld-5755,tld-5755,Solid Ground,Solid Ground,Solid Ground,WA,manual_review,88265,Common Ground Outdoor Adventures,UT,73.5,62.0,11.5,provider_gtfs_filename_state
"Washington__Sound_Transit,_Metro_Transit,_City_of_Seattle_-_King_County_Metro__mdb_mdb-267",mdb-267,"Sound Transit, Metro Transit, City of Seattle - King County Metro",Metro Transit | City of Seattle | Sound Transit | Solid Ground EZ Loop,"Sound Transit, Metro Transit, City of Seattle - King County Metro",WA,manual_review,00023,"City of Seattle, dba: Seattle Center Monorail",WA,100.0,100.0,0.0,provider_gtfs_filename_state
Washington__Sound_Transit__mdb_mdb-268,mdb-268,Sound Transit,Sound Transit,Sound Transit,WA,manual_review,00040,"Central Puget Sound Regional Transit Authority, dba: Sound Transit",WA,93.52,90.5,3.02,provider_gtfs_filename_state
Washington__Special_Mobility_Services__mdb_tld-5756,tld-5756,Special Mobility Services,Special Mobility Services,Special Mobility Services,WA,manual_review,00366,White Pass Community Services Coalition,WA,90.5,90.5,0.0,provider_gtfs_filename_state
Washington__Spokane_Transit_Authority_(STA)__mdb_mdb-290,mdb-290,Spokane Transit Authority (STA),Spokane Transit Authority,Spokane Transit Authority (STA),WA,manual_review,00002,Spokane Transit Authority,WA,100.0,95.0,5.0,provider_gtfs_filename_state
Washington__Squaxin_Island_Transit__mdb_mdb-2197,mdb-2197,Squaxin Island Transit,Squaxin Island Transit,Squaxin Island Transit,WA,manual_review,00298,Island Transit,WA,100.0,100.0,0.0,provider_gtfs_filename_state
Washington__Union_Gap__mdb_mdb-277,mdb-277,Union Gap,Union Gap Transit,Union Gap,WA,manual_review,00405,"Okanogan County Transit Authority, dba: TranGO",WA,90.5,90.5,0.0,provider_gtfs_filename_state
Washington__Washington_State_Department_of_Transportation_(WSDOT_Apple_Line)__mdb_mdb-245,mdb-245,Washington State Department of Transportation (WSDOT Apple Line),Apple Line | Gold Line | Grape Line | Dungeness Line | Wheat Line,Washington State Department of Transportation (WSDOT Apple Line),WA,manual_review,00R03,Washington State Department of Transportation,WA,100.0,100.0,0.0,provider_gtfs_filename_state
West_Virginia__Harpers_Ferry_National_Historical_Park__mdb_tld-6678,tld-6678,Harpers Ferry National Historical Park,National Park Service,Harpers Ferry National Historical Park,WV,manual_review,31015,Family Service Upper Ohio Valley,WV,90.5,73.5,17.0,provider_gtfs_filename_state
West_Virginia__Kanawha_Valley_Regional_Transportation_Authority__mdb_tld-5769,tld-5769,Kanawha Valley Regional Transportation Authority,Kanawha Valley Regional Transportation Authority,Kanawha Valley Regional Transportation Authority,WV,manual_review,30001,Kanawha Valley Regional Transportation Authority,WV,100.0,94.36,5.64,provider_gtfs_filename_state
West_Virginia__Mountain_Line_Transit_Authority__mdb_mdb-407,mdb-407,Mountain Line Transit Authority,Mountain Line Transit Authority,Mountain Line Transit Authority,WV,manual_review,30140,Mountain Transit Authority,WV,100.0,100.0,0.0,provider_gtfs_filename_state
Wisconsin__Central_Transportation__mdb_tld-4757,tld-4757,Central Transportation,Central Transportation,Central Transportation,WI,manual_review,55416,"Opportunity of North Central Wisconsin, Inc.",WI,90.5,90.5,0.0,provider_gtfs_filename_state
Wisconsin__Fond_du_Lac_Area_Transit__mdb_tld-7929,tld-7929,Fond du Lac Area Transit,Fond du Lac,Fond du Lac Area Transit,WI,manual_review,55379,"ARC of Fond du Lac, Inc.",WI,100.0,100.0,0.0,provider_gtfs_filename_state
Wisconsin__Valley_Transit_(WI)__mdb_mdb-2069,mdb-2069,Valley Transit (WI),Valley Transit,Valley Transit (WI),WI,manual_review,55366,"Southwestern WI Community Action Program, Inc., dba: Southwestern WI Community Action Program",WI,100.0,100.0,0.0,provider_gtfs_filename_state
